comid,gnis_name_shapefile,name,name_source,gnis_id,gnis_name_raw,gnis_class,gnis_state,n_candidates,distance_m,alternatives
24093804,Lake of the Woods,Lake of the Woods,shapefile,1161601,Lake of the Woods,Lake,Oregon,1,221.8,
3917046,Lake Shastina,Lake Shastina,shapefile,267233,Lake Shastina,Lake,California,1,151.9,
15012277,Camp Far West Reservoir,Camp Far West Reservoir,shapefile,220455,Camp Far West Reservoir,Reservoir,California,1,1228.3,
2775024,Bucks Lake,Bucks Lake,shapefile,266504,Bucks Lake,Reservoir,California,1,2803.8,
120053833,Loon Lake,Loon Lake,shapefile,254937,Loon Lake,Reservoir,California,1,334.2,
2772516,Butt Valley Reservoir,Butt Valley Reservoir,shapefile,257757,Butt Valley Reservoir,Reservoir,California,1,147.3,
120053229,Little Grass Valley Reservoir,Little Grass Valley Reservoir,shapefile,262610,Little Grass Valley Reservoir,Reservoir,California,1,467.6,
17055346,Pardee Reservoir,Pardee Reservoir,shapefile,230339,Pardee Reservoir,Reservoir,California,1,152.2,
17080605,Lake Eleanor,Lake Eleanor,shapefile,259830,Lake Eleanor,Reservoir,California,1,290.4,
17568965,Castaic Lake,Castaic Lake,shapefile,1802841,Castaic Lake,Reservoir,California,1,2335.9,
1311881,Green Mountain Reservoir,Green Mountain Reservoir,shapefile,196488,Green Mountain Reservoir,Reservoir,Colorado,1,2049.4,
1230577,Williams Fork Reservoir,Williams Fork Reservoir,shapefile,173267,Williams Fork Reservoir,Reservoir,Colorado,1,304.3,
120052686,Blue Mesa Reservoir,Blue Mesa Reservoir,shapefile,,,,,0,,
3192800,Lake Viva Naughton,Lake Viva Naughton,shapefile,1584686,Lake Viva Naughton,Reservoir,Wyoming,1,785.8,
18327540,Boulder Lake,Boulder Lake,shapefile,1598325,Boulder Lake,Reservoir,Wyoming,1,576.9,
20475378,Lake Pleasant,Lake Pleasant,shapefile,9580,Lake Pleasant,Reservoir,Arizona,1,1323.9,
10273702,Pineview Reservoir,Pineview Reservoir,shapefile,1444422,Pineview Reservoir,Reservoir,Utah,1,283.7,
1768752,Whiteface Reservoir,Whiteface Reservoir,shapefile,662793,Whiteface Reservoir,Reservoir,Minnesota,1,1221.8,
4796552,Devils Track Lake,Devils Track Lake,shapefile,655982,Devil Track Lake,Lake,Minnesota,1,71.6,
11928976,Otter Lake,Otter Lake,shapefile,634195,Otter Lake,Lake,Michigan,1,274.3,
12016828,Muskallonge Lake,Muskallonge Lake,shapefile,633161,Muskallonge Lake,Lake,Michigan,1,60.7,
12026156,Silver Lake Basin,Silver Lake Basin,shapefile,637959,Silver Lake Basin,Reservoir,Michigan,1,699.4,
11949795,Michigan Bay,Michigan Bay,shapefile,1620522,Lindsley Lake,Lake,Michigan,12,399.1,Morley Lake; Fishhawk Lake; Michigan Bay
15585938,Ladue Resevoir,Ladue Resevoir,shapefile,1078936,Akron City Reservoir,Reservoir,Ohio,1,357.8,
15538805,Conesus Lake,Conesus Lake,shapefile,947265,Conesus Lake,Lake,New York,1,1939.2,
22026276,Cazenovia Lake,Cazenovia Lake,shapefile,946092,Cazenovia Lake,Lake,New York,1,241.9,
22026932,Otisco Lake,Otisco Lake,shapefile,970435,Otisco Lake,Reservoir,New York,1,1385.9,
15466283,Little Tupper Lake,Little Tupper Lake,shapefile,955718,Little Tupper Lake,Lake,New York,2,1484.1,Round Lake
15483673,Lake Bonaparte,Lake Bonaparte,shapefile,944416,Lake Bonaparte,Lake,New York,1,777.7,
15509836,Fulton Chain Lake,Fulton Chain Lake,shapefile,967373,Third Lake,Lake,New York,5,1159.7,Fourth Lake; Second Lake; First Lake
10312586,Lake Bomoseen,Lake Bomoseen,shapefile,1456520,Lake Bomoseen,Lake,Vermont,1,2824.8,
120052962,Indian Lake,Indian Lake,shapefile,970231,Indian Lake,Reservoir,New York,2,1731.0,Lewey Lake
22739299,Peck Lake,Peck Lake,shapefile,970466,Peck Lake,Reservoir,New York,1,34.9,
6244708,Greenwood Lake,Greenwood Lake,shapefile,876818,Greenwood Lake,Reservoir,New York,1,222.2,
6244860,Wanaque Reservoir,Wanaque Reservoir,shapefile,881519,Wanaque Reservoir,Reservoir,New Jersey,1,1451.5,
4690013,Raystown Lake,Raystown Lake,shapefile,1193175,Raystown Lake,Reservoir,Pennsylvania,2,4635.2,Salmon Hole
5212351,Hoover Resevoir,Hoover Resevoir,shapefile,,,,,0,,
120052316,Barren River Lake,Barren River Lake,shapefile,486429,Barren River Lake,Reservoir,Kentucky,1,5280.3,
166997499,Watauga Lake,Watauga Lake,shapefile,1273873,Watauga Lake,Reservoir,Tennessee,1,2953.2,
166997584,Chatuge Lake,Chatuge Lake,shapefile,1010188,Chatuge Lake,Reservoir,North Carolina,1,1383.2,
19566308,Cedar Creek Reservoir,Cedar Creek Reservoir,shapefile,132019,Cedar Creek Reservoir,Reservoir,Alabama,1,3198.9,
19605147,,Tims Ford Lake,gnis_inside,1272660,Tims Ford Lake,Reservoir,Tennessee,2,1156.5,Murray Lake
2354136,Cedar Lake,Cedar Lake,shapefile,641011,Cedar Lake,Lake,Minnesota,1,206.9,
4833388,Wabana Lake,Wabana Lake,shapefile,658862,Wabana Lake,Lake,Minnesota,2,359.4,Wabana Lake
167120560,Wagonga Lake,Wagonga Lake,shapefile,653718,Lake Wakanda,Lake,Minnesota,1,109.5,
4098895,North Turtle Lake,North Turtle Lake,shapefile,648703,North Turtle Lake,Lake,Minnesota,1,243.9,
10595598,Madison Lake,Madison Lake,shapefile,647363,Madison Lake,Reservoir,Minnesota,1,1973.7,
9371290,Lac Qui Parle Lake,Lac Qui Parle Lake,shapefile,,,,,0,,
4141150,Lake Washington,Lake Washington,shapefile,653825,Lake Washington,Lake,Minnesota,1,337.6,
4136984,Lake Benton,Lake Benton,shapefile,639942,Lake Benton,Lake,Minnesota,1,3332.6,
2639444,Pokegama Lake,Pokegama Lake,shapefile,649613,Pokegama Lake,Lake,Minnesota,1,697.3,
1849501,Namakagon Lake,Namakagon Lake,shapefile,1579522,Jackson Lake,Lake,Wisconsin,1,2869.5,
2266151,Sand Lake,Sand Lake,shapefile,1573681,Sand Lake,Lake,Wisconsin,1,193.1,
2645822,West Rush Lake,West Rush Lake,shapefile,,,,,0,,
2644120,Bona Lake,Bona Lake,shapefile,1562055,Bone Lake,Lake,Wisconsin,1,283.6,
1873471,Sturgeon Lake/ North Lake,Sturgeon Lake/ North Lake,shapefile,640467,Brewer Lake,Lake,Minnesota,5,1178.9,North Lake; Twin Lakes; Sturgeon Lake
2032117,Lake Francis,Lake Francis,shapefile,643874,Lake Francis,Lake,Minnesota,1,101.3,
13346562,Flambeau Lake/Long Interlaken Lake,Flambeau Lake/Long Interlaken Lake,shapefile,1579254,Flambeau Lake,Lake,Wisconsin,2,177.7,Long Interlaken Lake
13352060,Dairyland Reservoir,Dairyland Reservoir,shapefile,,,,,0,,
13124080,Holcombe Flowage/Jump River,Holcombe Flowage/Jump River,shapefile,1792944,Holcombe Flowage,Reservoir,Wisconsin,1,1884.9,
13078143,Long Lake,Long Lake,shapefile,1568575,Long Lake,Lake,Wisconsin,1,2637.2,
12991001,Round Lake/Plum Lake,Round Lake/Plum Lake,shapefile,1580660,Turner Lake,Lake,Wisconsin,4,274.5,Pike Lake; Round Lake; Amik Lake
13078315,Lake Chetac,Lake Chetac,shapefile,1562994,Lake Chetac,Lake,Wisconsin,1,225.2,
13393943,,Big Fork Lake,gnis_inside,1578768,Big Fork Lake,Lake,Wisconsin,14,433.1,Little Fork Lake; Medicine Lake; Laurel Lake
167120891,Wisconsin River Flowage 4964,Wisconsin River Flowage 4964,shapefile,1576907,Wisconsin River Flowage,Reservoir,Wisconsin,4,1468.8,Wisconsin River Flowage 4964; First Lake; Second Lake
6565261,Bear Lake,Bear Lake,shapefile,639774,Bear Lake,Lake,Minnesota,1,218.1,
13290832,Okauchee Lake,Okauchee Lake,shapefile,1792083,Okauchee Lake 85,Reservoir,Wisconsin,1,518.8,
13290920,Lake Nagawicka 46,Lake Nagawicka 46,shapefile,1570095,Nagawicka Lake,Reservoir,Wisconsin,1,66.5,
13290818,Lac La Belle,Lac La Belle,shapefile,1567708,Lac La Belle,Lake,Wisconsin,1,186.5,
14779032,La Salle Lake,La Salle Lake,shapefile,1692415,LaSalle County Nuclear Station Cooling Pond,Reservoir,Illinois,1,127.9,
14778890,Heidecke Lake,Heidecke Lake,shapefile,1720487,Heidecke Lake,Reservoir,Illinois,1,1310.5,
13604280,Powerton Fish & Wildlife Rec.,Powerton Fish & Wildlife Rec.,shapefile,1691993,Powerton Cooling Lake,Reservoir,Illinois,1,808.6,
167122256,Lake Shelbyville,Lake Shelbyville,shapefile,422192,Lake Shelbyville,Reservoir,Illinois,1,7716.1,
19300897,,"Chicot, Lake",gnis_inside,74738,Lake Chicot,Lake,Arkansas,1,5074.4,
22770424,Lake Amedee,Lake Amedee,shapefile,1627903,Petain Lagoon,Lake,Louisiana,4,1160.0,Cochon Bay; Bayou Batola; Tanasia Lagoon
22361203,Lake Judge Perez,Lake Judge Perez,shapefile,554903,Lake Judge Perez,Lake,Louisiana,1,71.5,
167246033,Horse Creek Reservoir,Horse Creek Reservoir,shapefile,202774,Horse Creek Reservoir,Reservoir,Colorado,1,445.3,
188031,Chatfield Lake,Chatfield Lake,shapefile,202884,Chatfield Lake,Reservoir,Colorado,1,1140.8,
17404931,Branched Oak Lake,Branched Oak Lake,shapefile,1768791,Branched Oak Lake,Reservoir,Nebraska,2,617.6,Branched Oak Lake
4460922,Thomas Hill Reservoir,Thomas Hill Reservoir,shapefile,727587,Thomas Hill Reservoir,Reservoir,Missouri,1,480.2,
2332715,Montrose Lake,Montrose Lake,shapefile,,,,,0,,
4312274,Whitetail Reservoir,Whitetail Reservoir,shapefile,778426,Whitetail Reservoir,Reservoir,Montana,1,164.6,
120051950,Holter Lake,Holter Lake,shapefile,800953,Holter Lake,Reservoir,Montana,1,1752.6,
21849419,Bowman-Haley Lake,Bowman-Haley Lake,shapefile,1027630,Bowman-Haley Lake,Reservoir,North Dakota,1,746.3,
14682806,Mud Lake,Mud Lake,shapefile,1033609,Mud Lake,Lake,North Dakota,1,109.6,
14682970,Big Muddy Lake,Big Muddy Lake,shapefile,1027991,Big Muddy Lake,Lake,North Dakota,1,202.1,
14682640,McPhail Slough,McPhail Slough,shapefile,1033608,McPhail Slough,Lake,North Dakota,1,279.2,
14682714,Sibley Lake,Sibley Lake,shapefile,1035148,Sibley Lake,Lake,North Dakota,1,380.5,
14685170,,,none,,,,,0,,
16031200,Middle Marsh Lake,Middle Marsh Lake,shapefile,831269,Middle Marsh Lake,Lake,Nebraska,1,183.2,
11473344,Mud Lake Reservoir,Mud Lake Reservoir,shapefile,,,,,0,,
12575566,Arrowwood Lake,Arrowwood Lake,shapefile,1027742,Arrowwood Lake,Reservoir,North Dakota,1,361.6,
12555166,North Scatterwood Lake,North Scatterwood Lake,shapefile,1256775,North Scatterwood Lake,Lake,South Dakota,1,336.2,
11599971,Swan Lake,Swan Lake,shapefile,1258464,Swan Lake,Lake,South Dakota,1,346.3,
2484114,Goose Lake,Goose Lake,shapefile,,,,,0,,
2482648,Lake Nicholson,Lake Nicholson,shapefile,1256697,Lake Nicholson,Lake,South Dakota,1,453.0,
1594371,Neegronda Reservoir,Neegronda Reservoir,shapefile,169451,Neegronda Reservoir,Reservoir,Colorado,1,522.1,
1531545,Lake Pueblo,Lake Pueblo,shapefile,169353,Pueblo Reservoir,Reservoir,Colorado,1,218.1,
21193680,Little Salt Marsh,Little Salt Marsh,shapefile,475955,Little Salt Marsh,Lake,Kansas,1,421.6,
20887903,Wolf Creek Resevoir,Wolf Creek Resevoir,shapefile,2741085,Coffey County Lake,Reservoir,Kansas,1,934.4,
20031261,Arkansas Resevoir,Arkansas Resevoir,shapefile,,,,,0,,
423160,Lake Murray,Lake Murray,shapefile,1095710,Lake Murray,Reservoir,Oklahoma,1,2085.4,
13526182,Bluff Creek,Bluff Creek,shapefile,,,,,0,,
1010164,Lake Cypress Springs,Lake Cypress Springs,shapefile,1829123,Lake Cypress Springs,Reservoir,Texas,1,873.5,
19918180,Cotile Lake,Cotile Lake,shapefile,554093,Cotile Lake,Reservoir,Louisiana,1,1010.0,
723936,Mud Lake,Mud Lake,shapefile,571878,Mud Lake,Lake,Maine,1,1243.5,
725074,Portage Lake,Portage Lake,shapefile,573680,Portage Lake,Lake,Maine,1,3295.8,
4290163,Baker Lake,Baker Lake,shapefile,561474,Baker Lake,Lake,Maine,1,660.6,
166172992,Saint Froid Lake,Saint Froid Lake,shapefile,574710,Saint Froid Lake,Lake,Maine,1,918.8,
1698326,Longley Pond,Longley Pond,shapefile,570343,Longley Pond,Lake,Maine,1,407.7,
1698422,Nesowadnehunk Lake,Nesowadnehunk Lake,shapefile,572101,Nesowadnehunk Lake,Reservoir,Maine,1,143.9,
1701002,Ragged Lake,Ragged Lake,shapefile,573965,Ragged Lake,Reservoir,Maine,1,1235.2,
1717737,East Branch Lake,East Branch Lake,shapefile,565548,East Branch Lake,Lake,Maine,1,102.5,
3323750,Webber Pond,Webber Pond,shapefile,577938,Webber Pond,Reservoir,Maine,1,147.6,
3323982,Annabessacook Lake,Annabessacook Lake,shapefile,561266,Annabessacook Lake,Lake,Maine,1,814.0,
1024266,Joes Hole,Joes Hole,shapefile,571837,Moxie Pond,Reservoir,Maine,2,2933.4,Joes Hole
19333025,Kennebago Lake,Kennebago Lake,shapefile,1774102,Kennebago Lake,Reservoir,Maine,1,313.3,
2673234,Third Machias Lake,Third Machias Lake,shapefile,576962,Third Machias Lake,Lake,Maine,1,2643.3,
2673344,Crawford Lake,Crawford Lake,shapefile,564500,Crawford Lake,Reservoir,Maine,1,813.9,
166174110,Fourth Machias Lake,Fourth Machias Lake,shapefile,566487,Fourth Machias Lake,Lake,Maine,1,1840.4,
2673214,Pocomoonshine Lake,Pocomoonshine Lake,shapefile,573547,Pocomoonshine Lake,Lake,Maine,1,3450.3,
2674760,Brandy Pond,Brandy Pond,shapefile,562905,Brandy Pond,Lake,Maine,1,1102.3,
9310855,,Kezar Lake,gnis_inside,581080,Kezar Lake,Reservoir,Maine,1,552.6,
6719733,Upper Bay,Upper Bay,shapefile,570051,Little Sebago Lake,Reservoir,Maine,3,170.3,Upper Bay; Tarkill Pond
166174489,Massabesic Lake,Massabesic Lake,shapefile,,,,,0,,
120052078,Squantz Pond,Squantz Pond,shapefile,206018,Lake Candlewood,Reservoir,Connecticut,1,314.0,
4599629,Lake Willoughby,Lake Willoughby,shapefile,1460283,Lake Willoughby,Lake,Vermont,1,401.5,
22953957,Kintla Lake,Kintla Lake,shapefile,785762,Kintla Lake,Lake,Montana,1,1437.6,
22999059,Sullivan Lake,Sullivan Lake,shapefile,1526681,Sullivan Lake,Reservoir,Washington,1,367.6,
24118331,Spirit Lake,Spirit Lake,shapefile,391117,Spirit Lake,Lake,Idaho,1,1864.5,
23050609,Loon Lake,Loon Lake,shapefile,1522445,Loon Lake,Lake,Washington,1,235.8,
120052938,,"Owyhee, Lake",gnis_inside,1125099,Lake Owyhee,Reservoir,Oregon,1,17495.2,
120054057,,Brownlee Reservoir,gnis_inside,378278,Brownlee Reservoir,Reservoir,Oregon,1,34208.9,
23440075,,Wallowa Lake,gnis_inside,1151862,Wallowa Lake,Reservoir,Oregon,1,122.0,
23466505,Sprague Lake,Sprague Lake,shapefile,1508616,Sprague Lake,Lake,Washington,1,628.1,
23490959,,Redfish Lake,gnis_inside,389253,Redfish Lake,Lake,Idaho,1,381.2,
23704067,,Cultus Lake,gnis_inside,1140537,Cultus Lake,Lake,Oregon,1,535.9,
24252328,Mayfield Lake,Mayfield Lake,shapefile,1531545,Mayfield Lake,Reservoir,Washington,1,1246.4,
23788951,,Green Peter Lake,gnis_inside,1158878,Green Peter Lake,Reservoir,Oregon,1,1794.1,
24539838,Chester Morse Lake,Chester Morse Lake,shapefile,1517668,Chester Morse Lake,Reservoir,Washington,1,542.7,
24260837,Lake Shannon,Lake Shannon,shapefile,1525616,Lake Shannon,Reservoir,Washington,1,1497.4,
24280938,"Stevens, Lake","Stevens, Lake",shapefile,1508735,Lake Stevens,Lake,Washington,1,438.0,
24005663,,Vickers Lake,gnis_near,1639002,Vickers Lake,Lake,Oregon,1,84.1,
17845306,Abiquiu Lake,Abiquiu Lake,shapefile,,,,,0,,
8678045,Belews Lake,Belews Lake,shapefile,980926,Belews Lake,Reservoir,North Carolina,1,2002.2,
167484046,Mayo Reservoir,Mayo Reservoir,shapefile,1005928,Mayo Reservoir,Reservoir,North Carolina,1,3188.6,
8848053,,"Surf, Lake",gnis_inside,998589,Lake Surf,Reservoir,North Carolina,1,182.8,
9175424,Lake Robinson,Lake Robinson,shapefile,1238481,Lake Robinson,Reservoir,South Carolina,1,565.7,
9751286,Lake James,Lake James,shapefile,1012434,Lake James,Reservoir,North Carolina,1,8236.5,
166756413,,"Wylie, Lake",gnis_inside,1227721,Lake Wylie,Reservoir,North Carolina,1,4285.5,
22721229,,Corleys Mill Pond (historical),gnis_inside,1235443,Corleys Mill Pond (historical),Reservoir,South Carolina,1,1707.1,
1054153,,"Sinclair, Lake",gnis_inside,326612,Lake Sinclair,Reservoir,Georgia,1,12494.1,
16697315,,,none,,,,,0,,
16944276,Lake Rousseau,Lake Rousseau,shapefile,290015,Lake Rousseau,Reservoir,Florida,1,1172.3,
2134810,,Dead Lakes,gnis_inside,281381,Dead Lakes,Lake,Florida,2,1195.0,West Arm of Dead Lakes
6479321,Carters Lake,Carters Lake,shapefile,327370,Carters Lake,Reservoir,Georgia,1,2217.6,
18521051,,,none,,,,,0,,
14159190,Horseshoe Lake,Horseshoe Lake,shapefile,1029552,Horseshoe Lake,Lake,North Dakota,1,126.8,
14172209,Lake Lemer,Lake Lemer,shapefile,1029863,Lake Lemer,Lake,North Dakota,1,397.1,
120052509,Lake Darling,Lake Darling,shapefile,1028612,Lake Darling,Reservoir,North Dakota,1,14152.0,
14158312,Long Lake,Long Lake,shapefile,1029997,Long Lake,Lake,North Dakota,1,1354.2,
6654109,Prairie Lake,Prairie Lake,shapefile,649711,Prairie Lake,Lake,Minnesota,2,227.7,Prairie Lake
6654571,Tamarac Lake,Tamarac Lake,shapefile,652991,Tamarac Lake,Lake,Minnesota,2,135.3,South Tamarac Lake
6654581,Island Lake,Island Lake,shapefile,645487,Island Lake,Lake,Minnesota,1,136.2,
7029157,Tulaby Lake,Tulaby Lake,shapefile,653363,Tulaby Lake,Lake,Minnesota,1,74.8,
6655603,Rose Lake,Rose Lake,shapefile,650271,Rose Lake,Lake,Minnesota,1,709.7,
6655725,Lake Franklin,Lake Franklin,shapefile,643894,Lake Franklin,Lake,Minnesota,1,329.7,
7154030,Black Duck Lake,Black Duck Lake,shapefile,660825,Black Duck Lake,Lake,Minnesota,1,230.4,
7108515,,Birch Lake,gnis_inside,660809,Birch Lake,Lake,Minnesota,2,5586.6,Birch River
7153174,Johnson Lake,Johnson Lake,shapefile,661592,Johnson Lake,Lake,Minnesota,1,837.1,
7108481,Perent Lake,Perent Lake,shapefile,657779,Perent Lake,Lake,Minnesota,1,304.2,
167201782,,Elbow Lake,gnis_inside,661193,Elbow Lake,Lake,Minnesota,2,1827.4,Little Elbow Lake
167201754,,Greenwood Lake,gnis_inside,656458,Greenwood Lake,Lake,Minnesota,1,598.0,
1147787,Lake Tyler,Lake Tyler,shapefile,1349007,Lake Tyler,Reservoir,Texas,2,3755.9,Lake Tyler East
1267710,Lake Worth,Lake Worth,shapefile,1350595,Lake Worth,Reservoir,Texas,1,1621.0,
10840360,Braunig Lake,Braunig Lake,shapefile,1352840,Braunig Lake,Reservoir,Texas,1,274.8,
8315527,Big Lagoon,Big Lagoon,shapefile,219209,Big Lagoon,Lake,California,1,770.0,
2551259,Alkali Lake,Alkali Lake,shapefile,1116863,Alkali Lake,Lake,Oregon,1,410.7,
2554839,Indian Tom Lake,Indian Tom Lake,shapefile,261769,Indian Tom Lake,Lake,California,1,113.5,
2554943,Tule Lake,Tule Lake,shapefile,,,,,0,,
8307970,Lake Pillsbury,Lake Pillsbury,shapefile,234468,Lake Pillsbury,Reservoir,California,1,1003.7,
8245358,Trinity Lake,Trinity Lake,shapefile,255079,Trinity Lake,Reservoir,California,1,11330.4,
2551255,Gerber Reservoir,Gerber Reservoir,shapefile,1121105,Gerber Reservoir,Reservoir,Oregon,1,257.3,
24093752,,Fourmile Lake,gnis_inside,1161371,Fourmile Lake,Lake,Oregon,1,112.7,
24093844,,Aspen Lake,gnis_inside,1161255,Aspen Lake,Lake,Oregon,1,624.2,
24083377,Crater Lake,Crater Lake,shapefile,1163669,Crater Lake,Lake,Oregon,1,162.0,
2554957,,Clear Lake Reservoir,gnis_inside,221199,Clear Lake Reservoir,Reservoir,California,1,2617.1,
8263894,Howard Prairie Lake,Howard Prairie Lake,shapefile,1158895,Howard Prairie Lake,Reservoir,Oregon,1,567.7,
22226558,Lake Earl,Lake Earl,shapefile,222843,Lake Earl,Lake,California,2,552.6,Lake Talawa
8306696,Russian River Reservoir,Russian River Reservoir,shapefile,228503,Lake Mendocino,Reservoir,California,2,91.5,Russian River Reservoir
120054054,,Upper Klamath Lake,gnis_inside,1151685,Upper Klamath Lake,Lake,Oregon,3,2720.2,Melvins Pond; Agency Lake
120052284,Goose Lake,Goose Lake,shapefile,224325,Goose Lake,Lake,California,1,1165.1,
7927103,West Valley Reservoir,West Valley Reservoir,shapefile,237535,West Valley Reservoir,Reservoir,California,1,173.8,
7946776,Medicine Lake,Medicine Lake,shapefile,263434,Medicine Lake,Lake,California,1,82.5,
7947624,,Big Lake,gnis_inside,256954,Big Lake,Lake,California,1,3026.3,
7968933,Thermalito Afterbay,Thermalito Afterbay,shapefile,236232,Thermalito Afterbay,Reservoir,California,1,597.3,
12076080,,"Oroville, Lake",gnis_inside,264404,Lake Oroville,Reservoir,California,1,9591.9,
7989989,Black Butte Lake,Black Butte Lake,shapefile,254624,Black Butte Lake,Reservoir,California,1,1103.3,
7914901,Drews Reservoir,Drews Reservoir,shapefile,1141243,Drews Reservoir,Reservoir,Oregon,1,739.9,
7924879,Lower Roberts Reservoir,Lower Roberts Reservoir,shapefile,263039,Lower Roberts Reservoir,Reservoir,California,1,183.1,
8009481,Clear Lake,Clear Lake,shapefile,,,,,0,,
2781993,Whiskeytown Lake,Whiskeytown Lake,shapefile,268967,Whiskeytown Lake,Reservoir,California,1,712.9,
8005383,Indian Valley Reservoir,Indian Valley Reservoir,shapefile,274690,Indian Valley Reservoir,Reservoir,California,1,152.2,
120054085,,Shasta Lake,gnis_inside,253897,Shasta Lake,Reservoir,California,1,9197.1,
8060079,New Bullards Bar Reservoir,New Bullards Bar Reservoir,shapefile,267058,New Bullards Bar Reservoir,Reservoir,California,1,623.9,
8038615,Frenchman Lake,Frenchman Lake,shapefile,260408,Frenchman Lake,Reservoir,California,1,2206.2,
8038617,Lake Davis,Lake Davis,shapefile,259098,Lake Davis,Reservoir,California,1,510.4,
8063155,Scotts Flat Reservoir,Scotts Flat Reservoir,shapefile,265944,Scotts Flat Reservoir,Reservoir,California,1,168.7,
120053436,Jackson Meadows Reservoir,Jackson Meadows Reservoir,shapefile,274655,Jackson Meadows Reservoir,Reservoir,California,1,688.2,
8062949,Bowman Lake,Bowman Lake,shapefile,257403,Bowman Lake,Reservoir,California,1,308.0,
14981052,Union Valley Reservoir,Union Valley Reservoir,shapefile,268592,Union Valley Reservoir,Reservoir,California,1,1379.3,
20295245,Mountain Meadows Reservoir,Mountain Meadows Reservoir,shapefile,229192,Mountain Meadows Reservoir,Reservoir,California,1,906.2,
7927141,Moon Lake,Moon Lake,shapefile,246164,Moon Lake,Lake,California,1,998.5,
8005399,Clear Lake,Clear Lake,shapefile,258441,Clear Lake,Lake,California,2,1969.3,Clear Lake
7933297,Silva Flat Reservoir,Silva Flat Reservoir,shapefile,233121,Silva Flat Reservoir,Reservoir,California,1,247.2,
120052285,Renner Lake,Renner Lake,shapefile,267175,Renner Lake,Lake,Oregon,1,89.2,
120054084,,,none,,,,,0,,
14991593,French Meadows Reservoir,French Meadows Reservoir,shapefile,260398,French Meadows Reservoir,Reservoir,California,2,183.3,French Meadows Reservoir
8060125,Merle Collins Reservoir,Merle Collins Reservoir,shapefile,1664159,Merle Collins Reservoir,Reservoir,California,2,603.8,Virginia Ranch Reservoir
20194524,Folsom Lake,Folsom Lake,shapefile,223648,Folsom Lake,Reservoir,California,2,6086.7,North Fork Reservoir (historical)
2772500,Lake Almanor,Lake Almanor,shapefile,256197,Lake Almanor,Reservoir,California,1,1576.9,
120054083,,,none,,,,,0,,
130951632,Lake Berryessa,Lake Berryessa,shapefile,255067,Lake Berryessa,Reservoir,California,1,2294.6,
22057133,Pine Flat Lake,Pine Flat Lake,shapefile,252091,Pine Flat Lake,Reservoir,California,1,7162.8,
22048371,Courtright Reservoir,Courtright Reservoir,shapefile,258786,Courtright Reservoir,Reservoir,California,1,326.3,
22670080,Isabella Lake,Isabella Lake,shapefile,271737,Isabella Lake,Reservoir,California,1,2282.7,
14930103,Lake Success,Lake Success,shapefile,254314,Lake Success,Reservoir,California,1,431.3,
2822246,Woodward Reservoir,Woodward Reservoir,shapefile,238176,Woodward Reservoir,Reservoir,California,1,401.4,
2822462,Turlock Lake,Turlock Lake,shapefile,236644,Turlock Lake,Reservoir,California,1,1120.1,
3950979,Camanche Reservoir,Camanche Reservoir,shapefile,,,,,0,,
1890272,Clifton Court Forebay,Clifton Court Forebay,shapefile,253867,Clifton Court Forebay,Reservoir,California,1,222.5,
120052656,San Luis Reservoir,San Luis Reservoir,shapefile,232446,San Luis Reservoir,Reservoir,California,1,1457.9,
17080601,Cherry Lake,Cherry Lake,shapefile,,,,,0,,
17080669,Hetch Hetchy Reservoir,Hetch Hetchy Reservoir,shapefile,261289,Hetch Hetchy Reservoir,Reservoir,California,1,1758.4,
20197596,Camanche Reservoir,Camanche Reservoir,shapefile,254692,Camanche Reservoir,Reservoir,California,1,1292.7,
17080041,Don Pedro Reservoir,Don Pedro Reservoir,shapefile,253880,Don Pedro Reservoir,Reservoir,California,1,9574.3,
17076029,Cherry Lake,Cherry Lake,shapefile,255077,Cherry Lake,Reservoir,California,1,1337.5,
17114583,Shaver Lake,Shaver Lake,shapefile,266058,Shaver Lake,Reservoir,California,1,467.1,
120053836,Millerton Lake,Millerton Lake,shapefile,263643,Millerton Lake,Reservoir,California,1,1185.8,
19769209,O'Neill Forebay,O'Neill Forebay,shapefile,254988,O'Neill Forebay,Reservoir,California,1,788.1,
120053883,Lake Thomas A Edison,Lake Thomas A Edison,shapefile,274108,Lake Thomas A Edison,Reservoir,California,1,451.6,
2809463,Calaveras Reservoir,Calaveras Reservoir,shapefile,220379,Calaveras Reservoir,Reservoir,California,1,296.4,
120053056,Lake Hennessey,Lake Hennessey,shapefile,234004,Lake Hennessey,Reservoir,California,1,661.1,
120053442,Lake San Antonio,Lake San Antonio,shapefile,254200,Lake San Antonio,Reservoir,California,1,7004.4,
8210941,Lake Nacimiento,Lake Nacimiento,shapefile,255655,Lake Nacimiento,Reservoir,California,1,3416.7,
22560266,Lake Mathews,Lake Mathews,shapefile,271966,Lake Mathews,Reservoir,California,1,359.9,
22532548,Perris Reservoir,Perris Reservoir,shapefile,247390,Perris Reservoir,Reservoir,California,1,225.5,
22558520,Big Bear Lake,Big Bear Lake,shapefile,269807,Big Bear Lake,Reservoir,California,1,902.2,
20332372,Sweetwater Reservoir,Sweetwater Reservoir,shapefile,273984,Sweetwater Reservoir,Reservoir,California,1,187.1,
17568947,Pyramid Lake,Pyramid Lake,shapefile,273141,Pyramid Lake,Reservoir,California,1,977.5,
20342929,Lake Henshaw,Lake Henshaw,shapefile,271554,Lake Henshaw,Reservoir,California,1,570.8,
22545095,Skinner Reservoir,Skinner Reservoir,shapefile,249541,Skinner Reservoir,Reservoir,California,1,510.4,
17568961,Bouquet Reservoir,Bouquet Reservoir,shapefile,269991,Bouquet Reservoir,Reservoir,California,1,52.9,
22532616,Lake Elsinore,Lake Elsinore,shapefile,271058,Lake Elsinore,Lake,California,1,207.5,
20310407,Dodge Reservoir,Dodge Reservoir,shapefile,222451,Dodge Reservoir,Reservoir,California,1,167.9,
20291765,Eagle Lake,Eagle Lake,shapefile,222812,Eagle Lake,Lake,California,1,385.7,
20277691,Tinemaha Reservoir,Tinemaha Reservoir,shapefile,236383,Tinemaha Reservoir,Reservoir,California,1,100.1,
20273047,Lake Crowley,Lake Crowley,shapefile,233743,Lake Crowley,Reservoir,California,1,1891.6,
20286972,Grant Lake,Grant Lake,shapefile,260769,Grant Lake,Reservoir,California,1,473.3,
120053921,Mono Lake,Mono Lake,shapefile,263749,Mono Lake,Lake,California,1,7493.0,
20286504,Mono Lake,Mono Lake,shapefile,,,,,0,,
948100002,Salton Sea,Salton Sea,shapefile,248771,Salton Sea,Lake,California,1,2226.9,
1312051,Dillon Reservoir,Dillon Reservoir,shapefile,202344,Dillon Reservoir,Reservoir,Colorado,1,2079.6,
1233435,Grand Lake,Grand Lake,shapefile,178135,Shadow Mountain Lake,Reservoir,Colorado,2,93.1,Grand Lake
1233515,Lake Granby,Lake Granby,shapefile,202532,Lake Granby,Reservoir,Colorado,2,260.8,Arapaho Bay
3180118,Vega Reservoir,Vega Reservoir,shapefile,197530,Vega Reservoir,Reservoir,Colorado,1,329.7,
1332558,Taylor Park Reservoir,Taylor Park Reservoir,shapefile,188911,Taylor Park Reservoir,Reservoir,Colorado,1,519.4,
3252975,Blue Mesa Reservoir,Blue Mesa Reservoir,shapefile,186973,Blue Mesa Reservoir,Reservoir,Colorado,1,4305.9,
18383141,Groundhog Reservoir,Groundhog Reservoir,shapefile,176542,Groundhog Reservoir,Reservoir,Colorado,1,69.9,
3194578,,,none,,,,,0,,
120052281,Fremont Lake,Fremont Lake,shapefile,1609181,Fremont Lake,Reservoir,Wyoming,1,1110.1,
18327300,Half Moon Lake,Half Moon Lake,shapefile,1600169,Half Moon Lake,Lake,Wyoming,1,626.0,
18300278,Big Sandy Reservoir,Big Sandy Reservoir,shapefile,1596771,Big Sandy Reservoir,Reservoir,Wyoming,1,532.1,
120052683,Willow Lake,Willow Lake,shapefile,1604220,Willow Lake,Lake,Wyoming,1,1766.0,
18352151,Fontenelle Reservoir,Fontenelle Reservoir,shapefile,,,,,0,,
18352163,Fontenelle Reservoir,Fontenelle Reservoir,shapefile,1588609,Fontenelle Reservoir,Reservoir,Wyoming,1,788.9,
18352167,Fontenelle Reservoir,Fontenelle Reservoir,shapefile,,,,,0,,
18324360,New Fork Lakes,New Fork Lakes,shapefile,1601681,New Fork Lakes,Lake,Wyoming,2,497.1,New Fork Lake
10038590,Flaming Gorge Reservoir,Flaming Gorge Reservoir,shapefile,,,,,0,,
120051957,Flaming Gorge Reservoir,Flaming Gorge Reservoir,shapefile,1441113,Flaming Gorge Reservoir,Reservoir,Wyoming,1,8450.8,
10038598,Flaming Gorge Reservoir,Flaming Gorge Reservoir,shapefile,,,,,0,,
18300318,Eden Reservoir Number 1,Eden Reservoir Number 1,shapefile,1588170,Eden Reservoir,Reservoir,Wyoming,1,216.5,
1353298,Steamboat Lake,Steamboat Lake,shapefile,196408,Steamboat Lake,Reservoir,Colorado,1,1053.1,
4876219,Joes Valley Reservoir,Joes Valley Reservoir,shapefile,1442164,Joes Valley Reservoir,Reservoir,Utah,1,204.7,
3906255,Scofield Reservoir,Scofield Reservoir,shapefile,1445381,Scofield Reservoir,Reservoir,Utah,1,752.4,
11965847,Starvation Reservoir,Starvation Reservoir,shapefile,1434779,Starvation Reservoir,Reservoir,Utah,1,1377.6,
1371518,Pelican Lake,Pelican Lake,shapefile,1431166,Pelican Lake,Lake,Utah,1,186.2,
11983865,,Bottle Hollow Reservoir,gnis_inside,1434789,Bottle Hollow Reservoir,Reservoir,Utah,1,262.2,
11964599,Strawberry Reservoir,Strawberry Reservoir,shapefile,1446189,Strawberry Reservoir,Reservoir,Utah,1,983.5,
4899751,Johnson Valley Reservoir,Johnson Valley Reservoir,shapefile,1442194,Johnson Valley Reservoir,Reservoir,Utah,1,25.4,
4899761,Fish Lake,Fish Lake,shapefile,1441083,Fish Lake,Lake,Utah,1,620.0,
3528295,Lake Powell,Lake Powell,shapefile,1431462,Lake Powell,Reservoir,Utah,1,29423.5,
17034145,Vallecito Reservoir,Vallecito Reservoir,shapefile,202972,Vallecito Reservoir,Reservoir,Colorado,1,924.4,
1408803,Many Farms Lake,Many Farms Lake,shapefile,7661,Many Farms Lake,Reservoir,Arizona,1,303.5,
120053831,Navajo Reservoir,Navajo Reservoir,shapefile,938725,Navajo Reservoir,Reservoir,Colorado,1,11608.4,
16967416,Morgan Lake,Morgan Lake,shapefile,892230,Morgan Lake,Reservoir,New Mexico,1,155.2,
22071698,,"Mead, Lake",gnis_inside,7862,Lake Mead,Reservoir,Nevada,1,6520.9,
120052757,Lake Mohave,Lake Mohave,shapefile,,,,,0,,
120052758,Lake Havasu,Lake Havasu,shapefile,243280,Lake Havasu,Reservoir,Arizona,1,7311.5,
21437925,Lost Lake,Lost Lake,shapefile,5175,Goose Lake,Lake,Arizona,3,536.9,Willow Lake; Lost Lake
21383092,Alamo Lake,Alamo Lake,shapefile,553,Alamo Lake,Reservoir,Arizona,1,1697.9,
21318615,,San Carlos Reservoir,gnis_inside,10814,San Carlos Reservoir,Reservoir,Arizona,1,2759.8,
120052904,,Theodore Roosevelt Lake,gnis_inside,42942,Theodore Roosevelt Lake,Reservoir,Arizona,1,3975.2,
4606524,Mantua Reservoir,Mantua Reservoir,shapefile,1443143,Mantua Reservoir,Reservoir,Utah,1,179.7,
4472023,Mud Lake,Mud Lake,shapefile,394808,Mud Lake,Lake,Idaho,1,1065.7,
120052282,Bear Lake,Bear Lake,shapefile,377174,Bear Lake,Reservoir,Utah,2,1513.3,Bear Lake
166248016,,Woodruff Narrows Reservoir,gnis_inside,1596609,Woodruff Narrows Reservoir,Reservoir,Wyoming,1,514.2,
10375440,Deer Creek Reservoir,Deer Creek Reservoir,shapefile,1440376,Deer Creek Reservoir,Reservoir,Utah,1,310.1,
10091800,Rockport Lake,Rockport Lake,shapefile,1434857,Rockport Lake,Reservoir,Utah,1,206.3,
10272084,Willard Bay Reservoir,Willard Bay Reservoir,shapefile,1455919,Willard Bay Reservoir,Reservoir,Utah,1,262.7,
10327875,Utah Lake,Utah Lake,shapefile,1446894,Utah Lake,Lake,Utah,1,1596.1,
7907220,Dike Lake,Dike Lake,shapefile,,,,,0,,
946020001,Great Salt Lake,Great Salt Lake,shapefile,1441459,Great Salt Lake,Lake,Utah,2,8227.9,Gunnison Bay
120051930,,Otter Creek Reservoir,gnis_inside,1444122,Otter Creek Reservoir,Reservoir,Utah,1,814.3,
3501837,,,none,,,,,0,,
10814778,,Piute Reservoir,gnis_inside,1444469,Piute Reservoir,Reservoir,Utah,2,461.9,Piute Reservoir
10816386,Panguitch Lake,Panguitch Lake,shapefile,1447643,Panguitch Lake,Reservoir,Utah,1,145.9,
120052435,Summit Lake,Summit Lake,shapefile,844081,Summit Lake,Lake,Nevada,1,221.4,
120053478,,Rye Patch Reservoir,gnis_inside,858164,Rye Patch Reservoir,Reservoir,Nevada,1,12712.3,
120052367,Humboldt Lake,Humboldt Lake,shapefile,856281,Humboldt Lake,Lake,Nevada,1,3572.3,
8932994,Donner Lake,Donner Lake,shapefile,1654915,Donner Lake,Lake,California,1,17.2,
11431851,Lahontan Reservoir,Lahontan Reservoir,shapefile,858052,Lahontan Reservoir,Reservoir,Nevada,1,2487.0,
8914219,Bridgeport Reservoir,Bridgeport Reservoir,shapefile,254662,Bridgeport Reservoir,Reservoir,California,1,530.5,
10742110,Topaz Lake,Topaz Lake,shapefile,861754,Topaz Lake,Lake,Nevada,1,250.3,
10734232,Walker Lake,Walker Lake,shapefile,844615,Walker Lake,Lake,Nevada,1,105.3,
8943229,Fallen Leaf Lake,Fallen Leaf Lake,shapefile,260039,Fallen Leaf Lake,Reservoir,California,1,11.1,
120053784,Lake Tahoe,Lake Tahoe,shapefile,1654975,Lake Tahoe,Lake,California,2,1476.2,Breach Pond
11310757,Pyramid Lake,Pyramid Lake,shapefile,856349,Pyramid Lake,Lake,Nevada,1,3084.0,
1791863,Boulder Lake Reservoir,Boulder Lake Reservoir,shapefile,660862,Boulder Lake Reservoir,Reservoir,Minnesota,1,194.8,
120052965,Fowl Lake,Fowl Lake,shapefile,1776043,Fowl Lake,Reservoir,Minnesota,1,1256.7,
1793523,Wild Rice Lake Reservoir,Wild Rice Lake Reservoir,shapefile,662800,Wild Rice Lake Reservoir,Reservoir,Minnesota,1,389.6,
1792677,Island Lake Reservoir,Island Lake Reservoir,shapefile,,,,,0,,
1792789,Fish Lake Reservoir,Fish Lake Reservoir,shapefile,661277,Fish Lake Reservoir,Reservoir,Minnesota,1,1437.1,
1792897,Grand Lake,Grand Lake,shapefile,661375,Grand Lake,Lake,Minnesota,1,384.4,
4792982,Pine Lake,Pine Lake,shapefile,657841,Pine Lake,Lake,Minnesota,1,2221.8,
120053084,Seven Beaver Lake,Seven Beaver Lake,shapefile,662412,Seven Beaver Lake,Lake,Minnesota,2,827.7,Round Lake
4795750,Brule Lake,Brule Lake,shapefile,655528,Brule Lake,Lake,Minnesota,1,1575.2,
7177914,Island Lake Reservoir,Island Lake Reservoir,shapefile,661565,Island Lake Reservoir,Reservoir,Minnesota,1,2735.2,
1813525,Gile Flowage 70,Gile Flowage 70,shapefile,1565522,Gile Flowage,Reservoir,Wisconsin,1,437.7,
166766527,Greenwood Lake,Greenwood Lake,shapefile,656457,Greenwood Lake,Lake,Minnesota,1,650.3,
166766543,,Whitewater Lake,gnis_inside,662797,Whitewater Lake,Reservoir,Minnesota,1,526.5,
6792133,Presque Isle Lake,Presque Isle Lake,shapefile,1571920,Presque Isle Lake,Lake,Wisconsin,2,173.5,Van Vliet Lake
11931532,Perch Lake,Perch Lake,shapefile,634641,Perch Lake,Lake,Michigan,1,275.9,
11936783,"Gratiot, Lake","Gratiot, Lake",shapefile,627235,Lake Gratiot,Lake,Michigan,1,62.3,
11949273,Bond Falls Flowage,Bond Falls Flowage,shapefile,1619279,Bond Falls Flowage,Lake,Michigan,1,192.1,
12024896,Lake Independence,Lake Independence,shapefile,628952,Lake Independence,Reservoir,Michigan,1,222.4,
12025120,Dead River Storage Basin,Dead River Storage Basin,shapefile,624414,Dead River Storage Basin,Reservoir,Michigan,1,5506.9,
12025266,Teal Lake,Teal Lake,shapefile,1614644,Teal Lake,Lake,Michigan,1,415.6,
12016912,Betsy Lake,Betsy Lake,shapefile,621249,Betsy Lake,Lake,Michigan,1,376.9,
11936509,"Medora, Lake","Medora, Lake",shapefile,632072,Lake Medora,Lake,Michigan,1,251.7,
11936779,"Belle, Lac La","Belle, Lac La",shapefile,629901,Lac La Belle,Lake,Michigan,1,521.5,
11936851,Rice Lake,Rice Lake,shapefile,635845,Rice Lake,Lake,Michigan,1,199.1,
12017908,Beaver Lake,Beaver Lake,shapefile,620940,Beaver Lake,Lake,Michigan,1,55.3,
12017844,Grand Sable Lake,Grand Sable Lake,shapefile,627113,Grand Sable Lake,Lake,Michigan,1,105.5,
12020378,Au Train Lake,Au Train Lake,shapefile,1619058,Au Train Lake,Lake,Michigan,1,345.2,
12024874,Ives Lake,Ives Lake,shapefile,629148,Ives Lake,Lake,Michigan,1,62.4,
11937857,Torch Lake,Torch Lake,shapefile,635281,Portage Lake,Lake,Michigan,3,4703.3,Torch Bay; Torch Lake
166766588,Lake Gogebic,Lake Gogebic,shapefile,1620035,Lake Gogebic,Reservoir,Michigan,1,971.8,
12188769,Mud Lake,Mud Lake,shapefile,1620274,Hulbert Lake,Lake,Michigan,3,212.8,Little Mud Lake; Mud Lake
9022733,Metonga Lake,Metonga Lake,shapefile,1569387,Metonga Lake,Reservoir,Wisconsin,1,132.4,
13062673,Kangaroo Lake,Kangaroo Lake,shapefile,1567341,Kangaroo Lake,Lake,Wisconsin,1,388.1,
6830759,Michigamme Reservoir,Michigamme Reservoir,shapefile,632199,Michigamme Reservoir,Reservoir,Michigan,2,1302.2,Corbett Lake
9029767,Shawano Lake,Shawano Lake,shapefile,1573979,Shawano Lake,Lake,Wisconsin,2,156.0,Washington Lake
6842481,Halsey Lake,Halsey Lake,shapefile,1579377,Halsey Lake,Lake,Wisconsin,1,109.6,
9026391,Rolling Stone Lake,Rolling Stone Lake,shapefile,1572552,Rolling Stone Lake,Lake,Wisconsin,1,66.1,
6819818,White Potato Lake,White Potato Lake,shapefile,1576650,White Potato Lake,Lake,Wisconsin,1,304.0,
9033853,Partridge Lake,Partridge Lake,shapefile,1571072,Partridge Lake,Lake,Wisconsin,1,296.8,
6840347,Fumee Lake,Fumee Lake,shapefile,626571,Fumee Lake,Lake,Michigan,1,68.5,
6829781,Ned Lake,Ned Lake,shapefile,633252,Ned Lake,Lake,Michigan,1,17.4,
6866527,Puckaway Lake,Puckaway Lake,shapefile,1571957,Puckaway Lake,Lake,Wisconsin,1,1435.8,
6866613,Mason Lake,Mason Lake,shapefile,1569118,Mason Lake,Reservoir,Wisconsin,1,60.4,
14445790,,Kentuck Lake,gnis_inside,1579576,Kentuck Lake,Lake,Wisconsin,1,641.3,
14446862,Kentuck Lake,Kentuck Lake,shapefile,,,,,0,,
271501,Round Lake,Round Lake,shapefile,1621450,Round Lake,Lake,Michigan,1,130.0,
9026435,Pickerel Lake,Pickerel Lake,shapefile,1571319,Pickerel Lake,Lake,Wisconsin,1,63.0,
11958820,Goose Lake,Goose Lake,shapefile,626975,Goose Lake,Lake,Michigan,1,65.3,
14443142,Chicagon Lake,Chicagon Lake,shapefile,623180,Chicagon Lake,Lake,Michigan,1,308.2,
166766656,Franklin Lake,Franklin Lake,shapefile,1579289,Franklin Lake,Lake,Wisconsin,1,245.5,
166766643,Lake Michigamme,Lake Michigamme,shapefile,632202,Lake Michigamme,Lake,Michigan,1,1313.5,
166766657,Butternut Lake,Butternut Lake,shapefile,1578904,Butternut Lake,Lake,Wisconsin,1,184.0,
166766644,Peavy Pond,Peavy Pond,shapefile,634542,Peavy Pond,Reservoir,Michigan,1,1685.2,
166766701,Lake Winnebago 6124,Lake Winnebago 6124,shapefile,1576879,Lake Winnebago,Lake,Wisconsin,4,810.8,Lake Winnebago 6124; Lake Winnebago 6124; Little Lake Butte Des Morts
166766677,Green Lake,Green Lake,shapefile,1565821,Green Lake,Lake,Wisconsin,1,2445.8,
9033933,Lake Winneconne,Lake Winneconne,shapefile,1571864,Lake Poygan,Lake,Wisconsin,3,2531.1,Poygan Lake; Lake Winneconne
9028145,Upper Post Lake,Upper Post Lake,shapefile,1575989,Upper Post Lake,Lake,Wisconsin,2,826.3,Lower Post Lake
9022639,Pine Lake,Pine Lake,shapefile,1580159,Pine Lake,Lake,Wisconsin,1,110.8,
6818344,Nocquebay Lake 118,Nocquebay Lake 118,shapefile,1570331,Lake Noquebay,Lake,Wisconsin,1,185.2,
9022741,Lake Lucerne,Lake Lucerne,shapefile,1579783,Lake Lucerne,Lake,Wisconsin,1,405.3,
6842499,Lake Antoine,Lake Antoine,shapefile,620153,Lake Antoine,Lake,Michigan,1,141.3,
6863055,Lake Butte des Morts,Lake Butte des Morts,shapefile,1562474,Lake Butte des Morts,Lake,Wisconsin,1,435.9,
3471917,Morrow Lake,Morrow Lake,shapefile,632730,Morrow Lake,Reservoir,Michigan,1,400.4,
3466553,Gun Lake,Gun Lake,shapefile,627533,Gun Lake,Lake,Michigan,1,851.7,
3471541,Gull Lake,Gull Lake,shapefile,627518,Gull Lake,Lake,Michigan,1,360.2,
12231284,Crystal Lake,Crystal Lake,shapefile,624174,Crystal Lake,Lake,Michigan,1,91.5,
12254814,Austin Lake,Austin Lake,shapefile,620362,Austin Lake,Lake,Michigan,1,334.8,
12254844,Indian Lake,Indian Lake,shapefile,628998,Indian Lake,Lake,Michigan,1,268.2,
12256440,Paw Paw Lake,Paw Paw Lake,shapefile,634489,Paw Paw Lake,Lake,Michigan,1,133.9,
12257446,Coldwater Lake,Coldwater Lake,shapefile,623569,Coldwater Lake,Lake,Michigan,1,291.1,
12258766,Diamond Lake,Diamond Lake,shapefile,624634,Diamond Lake,Lake,Michigan,1,266.3,
12258952,Klinger Lake,Klinger Lake,shapefile,1624648,Klinger Lake,Lake,Michigan,1,280.3,
3468795,Duck Lake,Duck Lake,shapefile,624943,Duck Lake,Lake,Michigan,1,128.5,
3466799,Lake Allegan,Lake Allegan,shapefile,619964,Lake Allegan,Reservoir,Michigan,1,2018.2,
12240972,Lake Lansing,Lake Lansing,shapefile,630143,Lake Lansing,Lake,Michigan,1,156.6,
9017287,Lake Macatawa,Lake Macatawa,shapefile,631276,Lake Macatawa,Lake,Michigan,1,3609.5,
167552418,,Indian Lake,gnis_inside,628997,Indian Lake,Lake,Michigan,1,138.3,
12259344,Crooked Lake,Crooked Lake,shapefile,434497,First Basin,Lake,Indiana,3,178.1,Crooked Lake; Second Basin
904050179,Lake Wawasee,Lake Wawasee,shapefile,445570,Lake Wawasee,Lake,Indiana,1,1302.6,
8988476,Round Lake,Round Lake,shapefile,1621446,Round Lake,Lake,Michigan,1,46.9,
12133992,Whitefish Lake,Whitefish Lake,shapefile,1616351,Whitefish Lake,Lake,Michigan,1,119.7,
12226981,Little Traverse Lake,Little Traverse Lake,shapefile,630799,Little Traverse Lake,Lake,Michigan,1,91.6,
13057916,Elk Lake,Elk Lake,shapefile,1617384,Elk Lake,Lake,Michigan,2,614.4,Lake Skegemog
167671337,Wolf Lake,Wolf Lake,shapefile,1622198,Wolf Lake,Lake,Michigan,1,152.8,
12135050,Muskegon Lake,Muskegon Lake,shapefile,1620964,Muskegon Lake,Lake,Michigan,3,2044.5,Bear Lake; Ruddiman Lagoon
8993774,White Lake,White Lake,shapefile,1622142,White Lake,Lake,Michigan,1,1899.8,
8990570,Pere Marquette Lake,Pere Marquette Lake,shapefile,634653,Pere Marquette Lake,Lake,Michigan,1,210.4,
8988422,Hamlin Lake,Hamlin Lake,shapefile,631085,Lost Lake,Lake,Michigan,2,1848.6,Hamlin Lake
12227547,Duck Lake,Duck Lake,shapefile,624946,Duck Lake,Lake,Michigan,1,367.9,
12227565,Green Lake,Green Lake,shapefile,1623734,Green Lake,Lake,Michigan,1,454.7,
12219918,Manistique Lake,Manistique Lake,shapefile,631385,Manistique Lake,Lake,Michigan,1,550.5,
12219860,North Manistique Lake,North Manistique Lake,shapefile,633607,North Manistique Lake,Lake,Michigan,1,95.6,
12227241,Long Lake,Long Lake,shapefile,630966,Long Lake,Lake,Michigan,1,311.9,
12116192,Lake Margrethe,Lake Margrethe,shapefile,631549,Lake Margrethe,Lake,Michigan,1,710.9,
12227349,Lake Ann,Lake Ann,shapefile,620136,Lake Ann,Lake,Michigan,1,226.3,
12226923,Lake Leelanau,Lake Leelanau,shapefile,630270,Lake Leelanau,Lake,Michigan,1,6427.5,
12129764,Lake Missaukee,Lake Missaukee,shapefile,632496,Lake Missaukee,Lake,Michigan,1,90.5,
8990594,,,none,,,,,0,,
8990642,Bass Lake,Bass Lake,shapefile,1619097,Bass Lake,Lake,Michigan,1,98.0,
8990758,Silver Lake,Silver Lake,shapefile,637958,Silver Lake,Lake,Michigan,1,223.2,
12216609,Gulliver Lake,Gulliver Lake,shapefile,627527,Gulliver Lake,Lake,Michigan,1,140.9,
12220020,South Manistique Lake,South Manistique Lake,shapefile,638382,South Manistique Lake,Lake,Michigan,1,360.0,
12227015,Lime Lake,Lime Lake,shapefile,630428,Lime Lake,Lake,Michigan,1,92.2,
12227045,Glen Lake,Glen Lake,shapefile,626874,Glen Lake,Lake,Michigan,1,1111.3,
12228317,Little Platte Lake,Little Platte Lake,shapefile,630735,Little Platte Lake,Lake,Michigan,1,162.9,
12228323,Platte Lake,Platte Lake,shapefile,635084,Platte Lake,Lake,Michigan,1,325.3,
12228333,Crystal Lake,Crystal Lake,shapefile,624181,Crystal Lake,Lake,Michigan,1,788.0,
12228383,Upper Herring Lake,Upper Herring Lake,shapefile,1615403,Upper Herring Lake,Lake,Michigan,1,220.2,
12121410,Bear Lake,Bear Lake,shapefile,620856,Bear Lake,Lake,Michigan,1,44.1,
12132114,,Hardy Dam Pond,gnis_inside,1620127,Hardy Dam Pond,Reservoir,Michigan,1,3440.0,
12133784,Hardy Dam Pond,Hardy Dam Pond,shapefile,,,,,0,,
12133852,Fremont Lake,Fremont Lake,shapefile,626472,Fremont Lake,Lake,Michigan,1,112.2,
12133946,Hess Lake,Hess Lake,shapefile,1620178,Hess Lake,Lake,Michigan,1,116.3,
12128106,Houghton Lake,Houghton Lake,shapefile,628664,Houghton Lake,Lake,Michigan,1,225.2,
8989244,Big Star Lake,Big Star Lake,shapefile,1619205,Big Star Lake,Lake,Michigan,1,674.1,
12216261,McDonald Lake,McDonald Lake,shapefile,631879,McDonald Lake,Lake,Michigan,1,161.3,
12213897,Millecoquins Lake,Millecoquins Lake,shapefile,632354,Millecoquins Lake,Lake,Michigan,1,106.9,
12214111,Milakokia Lake,Milakokia Lake,shapefile,632299,Milakokia Lake,Lake,Michigan,1,172.3,
13054046,French Farm Lake,French Farm Lake,shapefile,1619970,French Farm Lake,Lake,Michigan,1,256.5,
12116874,Manistee Lake,Manistee Lake,shapefile,631384,Manistee Lake,Lake,Michigan,1,166.1,
12119626,Hodenpyl Dam Pond,Hodenpyl Dam Pond,shapefile,1620219,Hodenpyl Dam Pond,Reservoir,Michigan,1,3991.4,
120053614,,,none,,,,,0,,
12117484,Fife Lake,Fife Lake,shapefile,625936,Fife Lake,Lake,Michigan,1,71.8,
12215797,Round Lake,Round Lake,shapefile,1621448,Round Lake,Lake,Michigan,1,39.2,
166763879,Higgins Lake,Higgins Lake,shapefile,628219,Higgins Lake,Lake,Michigan,1,2382.1,
166766728,,,none,,,,,0,,
166766755,Brevoort Lake,Brevoort Lake,shapefile,1619317,Brevoort Lake,Lake,Michigan,1,487.2,
166766741,Indian Lake,Indian Lake,shapefile,1620300,Indian Lake,Lake,Michigan,1,572.6,
12129844,Lake Mitchell,Lake Mitchell,shapefile,1620868,Lake Mitchell,Lake,Michigan,1,223.7,
12129858,Lake Cadillac,Lake Cadillac,shapefile,622432,Lake Cadillac,Lake,Michigan,1,82.4,
13054126,Alke Paradise,Alke Paradise,shapefile,2099825,Lake Paradise,Lake,Michigan,1,862.5,
13056972,Lake Bellaire,Lake Bellaire,shapefile,621049,Lake Bellaire,Lake,Michigan,1,400.7,
167671353,Intermediate Lake,Intermediate Lake,shapefile,629055,Intermediate Lake,Lake,Michigan,1,1213.6,
167671350,Torch Lake,Torch Lake,shapefile,1614970,Torch Lake,Lake,Michigan,1,1099.3,
167671349,Walloon Lake,Walloon Lake,shapefile,1618952,Walloon Lake,Lake,Michigan,1,5809.0,
13044785,,North Bay Houghton Lake,gnis_inside,633478,North Bay Houghton Lake,Lake,Michigan,1,181.3,
13044845,,,none,,,,,0,,
12961411,Beaver Lake,Beaver Lake,shapefile,620935,Beaver Lake,Lake,Michigan,1,84.7,
12961431,Turtle Lake,Turtle Lake,shapefile,1615204,Turtle Lake,Lake,Michigan,1,70.1,
12961453,Hubbard Lake,Hubbard Lake,shapefile,628741,Hubbard Lake,Lake,Michigan,1,497.1,
12501407,Larks Lake,Larks Lake,shapefile,630167,Larks Lake,Lake,Michigan,1,109.1,
12951932,East Twin Lake,East Twin Lake,shapefile,625268,East Twin Lake,Lake,Michigan,1,95.1,
12200566,Lake Augusta,Lake Augusta,shapefile,620344,Lake Augusta,Lake,Michigan,1,21.2,
12200548,Grand Lake,Grand Lake,shapefile,627090,Grand Lake,Lake,Michigan,1,1198.4,
12200632,Long Lake,Long Lake,shapefile,630968,Long Lake,Lake,Michigan,1,910.0,
12205924,East Lake,East Lake,shapefile,1619816,East Lake,Lake,Michigan,1,127.6,
12501413,Douglas Lake,Douglas Lake,shapefile,1618899,Douglas Lake,Lake,Michigan,1,366.4,
12951922,West Twin Lake,West Twin Lake,shapefile,1616186,West Twin Lake,Lake,Michigan,1,149.2,
12951696,Otsego Lake,Otsego Lake,shapefile,634159,Otsego Lake,Lake,Michigan,1,335.2,
12953672,,Foote Dam Pond,gnis_inside,626218,Foote Dam Pond,Reservoir,Michigan,1,697.2,
12954210,Lake Saint Helen,Lake Saint Helen,shapefile,636667,Lake Saint Helen,Lake,Michigan,2,2113.6,Mud Lake
166764448,,Black Lake,gnis_inside,621515,Black Lake,Lake,Michigan,1,872.8,
166766787,Mullett Lake,Mullett Lake,shapefile,633106,Mullett Lake,Lake,Michigan,1,858.8,
166766773,Caribou Lake,Caribou Lake,shapefile,622716,Caribou Lake,Lake,Michigan,1,94.6,
166766789,Burt Lake,Burt Lake,shapefile,1618893,Burt Lake,Lake,Michigan,1,609.3,
166766796,Fletcher Pond,Fletcher Pond,shapefile,626165,Fletcher Pond,Lake,Michigan,1,369.2,
12206940,Trout Lake,Trout Lake,shapefile,1619429,Trout Lake,Lake,Michigan,2,244.2,Little Trout Lake
12502183,Crooked Lake,Crooked Lake,shapefile,624102,Crooked Lake,Lake,Michigan,2,959.5,Pickerel Lake
13054044,Twin Lakes,Twin Lakes,shapefile,1623130,Twin Lakes,Lake,Michigan,2,655.3,Mud Lake
13039532,Chippewa Lake,Chippewa Lake,shapefile,623222,Chippewa Lake,Lake,Michigan,1,161.7,
13015079,Nepessing Lake,Nepessing Lake,shapefile,633293,Nepessing Lake,Lake,Michigan,1,49.3,
13014857,Holloway Reservoir,Holloway Reservoir,shapefile,628440,Holloway Reservoir,Reservoir,Michigan,1,1588.5,
13045189,,"Lancer, Lake",gnis_inside,2515884,Lake Lancer,Lake,Michigan,1,307.8,
13183738,Cass Lake,Cass Lake,shapefile,622851,Cass Lake,Lake,Michigan,1,524.8,
13183762,Orchard Lake,Orchard Lake,shapefile,,,,,0,,
10848338,Walled Lake,Walled Lake,shapefile,1615718,Walled Lake,Lake,Michigan,1,127.6,
13174633,Whitmore Lake,Whitmore Lake,shapefile,1616385,Whitmore Lake,Lake,Michigan,1,38.0,
15660950,Round Lake,Round Lake,shapefile,636320,Round Lake,Lake,Michigan,1,48.7,
15676311,Clear Lake,Clear Lake,shapefile,432625,Clear Lake,Lake,Indiana,1,270.8,
15651487,Bresler Upground Reservoir,Bresler Upground Reservoir,shapefile,1078531,Spencerville Reservoir,Reservoir,Ohio,1,180.0,
15676417,Hamilton Lake,Hamilton Lake,shapefile,435646,Hamilton Lake,Lake,Indiana,2,164.0,Fee Lake
13227598,Sand Lake,Sand Lake,shapefile,637193,Sand Lake,Lake,Michigan,1,67.0,
13227536,Wamplers Lake,Wamplers Lake,shapefile,1615754,Wamplers Lake,Lake,Michigan,1,196.1,
15568053,,,none,,,,,0,,
15566777,,,none,,,,,0,,
15538831,Honeoye Lake,Honeoye Lake,shapefile,970218,Honeoye Lake,Lake,New York,1,318.7,
21980955,Canandaigua Lake,Canandaigua Lake,shapefile,945740,Canandaigua Lake,Lake,New York,1,1000.8,
22026848,Skaneateles Lake,Skaneateles Lake,shapefile,970614,Skaneateles Lake,Reservoir,New York,1,862.1,
22026928,Owasco Lake,Owasco Lake,shapefile,970442,Owasco Lake,Reservoir,New York,1,527.8,
22025222,Cross Lake,Cross Lake,shapefile,947804,Cross Lake,Lake,New York,1,311.5,
22025262,Onondaga Lake,Onondaga Lake,shapefile,959397,Onondaga Lake,Lake,New York,1,517.0,
166766861,Seneca Lake,Seneca Lake,shapefile,974079,Seneca Lake,Lake,New York,1,17580.1,
166766871,Oneida Lake,Oneida Lake,shapefile,959369,Oneida Lake,Lake,New York,1,1795.6,
166766862,West Branch Keuka Lake,West Branch Keuka Lake,shapefile,969124,West Branch Keuka Lake,Lake,New York,2,4215.3,Keuka Lake
120052831,Cayuga Lake,Cayuga Lake,shapefile,974076,Cayuga Lake,Lake,New York,1,4360.4,
21971978,Lake Neatahwanta,Lake Neatahwanta,shapefile,958316,Lake Neatahwanta,Lake,New York,1,64.4,
21621547,Salmon River Reservoir,Salmon River Reservoir,shapefile,,,,,0,,
15454662,Meacham Lake,Meacham Lake,shapefile,970348,Meacham Lake,Lake,New York,1,26.7,
15447706,Upper Chateaugay Lake,Upper Chateaugay Lake,shapefile,968266,Upper Chateaugay Lake,Lake,New York,1,482.4,
15465859,Wolf Pond,Wolf Pond,shapefile,971570,Big Wolf Lake,Lake,New York,1,669.5,
15483121,Black Lake,Black Lake,shapefile,,,,,0,,
15489330,Cranberry Lake,Cranberry Lake,shapefile,976197,Cranberry Lake,Reservoir,New York,1,6352.1,
15502737,,,none,,,,,0,,
120053725,Lake Saint Lawrence,Lake Saint Lawrence,shapefile,977246,Lake Saint Lawrence,Reservoir,New York,1,23123.5,
166766894,Raquette Pond,Raquette Pond,shapefile,970513,Raquette Pond,Reservoir,New York,3,3589.3,Tupper Lake; Simon Pond
166766886,Mud Lake,Mud Lake,shapefile,976696,Mud Lake,Lake,New York,1,90.4,
166766898,Long Lake,Long Lake,shapefile,955875,Long Lake,Lake,New York,1,964.9,
166766897,Stark Falls Reservoir,Stark Falls Reservoir,shapefile,976081,Carry Falls Reservoir,Reservoir,New York,2,907.4,Stark Falls Reservoir
15466235,Grass Pond,Grass Pond,shapefile,977236,Lows Lake,Reservoir,New York,1,6206.7,
15468407,Utowana Lake,Utowana Lake,shapefile,948925,Eagle Lake,Lake,New York,3,449.8,Blue Mountain Lake; Utowana Lake
15468377,Raquette Lake,Raquette Lake,shapefile,962196,Raquette Lake,Lake,New York,2,1715.9,Eldon Lake
15509842,Seventh Lake,Seventh Lake,shapefile,964869,Seventh Lake,Lake,New York,2,1088.4,Sixth Lake
15468185,Lake Eaton,Lake Eaton,shapefile,949323,Lake Eaton,Lake,New York,1,183.7,
904140247,,"Charlevoix, Lake",gnis_inside,1618895,Lake Charlevoix,Lake,Michigan,2,2322.0,Round Lake
10312966,"Saint Catherine, Lake","Saint Catherine, Lake",shapefile,1459322,Lake Saint Catherine,Lake,Vermont,1,292.0,
15447546,,,none,,,,,0,,
22221203,"Dunmore, Lake","Dunmore, Lake",shapefile,1460815,Lake Dunmore,Lake,Vermont,1,206.3,
9523343,"Clear, Lake","Clear, Lake",shapefile,970012,Lake Clear,Lake,New York,1,709.2,
9523443,,Fish Creek Ponds,gnis_inside,950137,Fish Creek Ponds,Lake,New York,3,542.2,Square Pond; Little Square Pond
9523497,,Lower Saranac Lake,gnis_inside,956107,Lower Saranac Lake,Lake,New York,3,536.0,First Pond; Second Pond
9523509,,"Flower, Lake",gnis_inside,950310,Lake Flower,Lake,New York,3,375.5,Oseetah Lake; Kiwassa Lake
4586134,Caspian Lake,Caspian Lake,shapefile,1456784,Caspian Lake,Reservoir,Vermont,1,151.3,
4589969,"Carmi, Lake","Carmi, Lake",shapefile,1456770,Lake Carmi,Reservoir,Vermont,1,120.6,
9520959,Chazy Lake,Chazy Lake,shapefile,946463,Chazy Lake,Lake,New York,1,524.2,
120053521,Union Falls Pond,Union Falls Pond,shapefile,968191,Union Falls Pond,Reservoir,New York,1,1341.8,
15447620,,,none,,,,,0,,
15447630,,"Champlain, Lake",gnis_inside,946367,Lake Champlain,Lake,Vermont,2,17833.3,Devils Pond
10312598,,Cat Den Bay,gnis_near,946008,Cat Den Bay,Lake,New York,1,278.8,
9523609,,Middle Saranac Lake,gnis_inside,970354,Middle Saranac Lake,Lake,New York,3,1110.7,Little Weller Pond; Weller Pond
22302965,,,none,,,,,0,,
120053727,,"George, Lake",gnis_inside,970163,Lake George,Lake,New York,1,3278.4,
6191412,Ashokan Reservoir,Ashokan Reservoir,shapefile,2703479,Ashokan Reservoir East Basin,Reservoir,New York,2,1101.6,Ashokan Reservoir
6191414,Ashokan Reservoir,Ashokan Reservoir,shapefile,2703488,Ashokan Reservoir West Basin,Reservoir,New York,1,1441.7,
22739135,Great Sacandaga Lake,Great Sacandaga Lake,shapefile,973352,Great Sacandaga Lake,Reservoir,New York,1,5704.5,
22303791,Schroon Lake,Schroon Lake,shapefile,964620,Schroon Lake,Lake,New York,1,1686.0,
6213032,Orange Lake,Orange Lake,shapefile,959429,Orange Lake,Lake,New York,1,25.9,
22303899,Brant Lake,Brant Lake,shapefile,944648,Brant Lake,Lake,New York,1,203.1,
120052919,Saratoga Lake,Saratoga Lake,shapefile,964485,Saratoga Lake,Lake,New York,1,132.2,
22294606,Great Sacandaga Lake,Great Sacandaga Lake,shapefile,,,,,0,,
22294994,Piseco Lake,Piseco Lake,shapefile,960627,Piseco Lake,Lake,New York,1,101.2,
22741995,Hinckley Reservoir,Hinckley Reservoir,shapefile,952878,Hinckley Reservoir,Reservoir,New York,1,459.9,
22742027,Delta Reservoir,Delta Reservoir,shapefile,948285,Delta Reservoir,Reservoir,New York,1,991.2,
120053426,Alcove Reservoir,Alcove Reservoir,shapefile,942254,Alcove Reservoir,Reservoir,New York,2,268.6,Ravena Reservoir (historical)
120053722,Sacandaga Lake,Sacandaga Lake,shapefile,963159,Sacandaga Lake,Lake,New York,1,192.8,
6199522,Rondout Reservoir,Rondout Reservoir,shapefile,962851,Rondout Reservoir,Reservoir,New York,1,1565.5,
22294886,Lake Pleasant,Lake Pleasant,shapefile,960740,Lake Pleasant,Lake,New York,1,642.4,
6240309,,Kensico Reservoir,gnis_inside,954525,Kensico Reservoir,Reservoir,New York,3,362.3,Kensico Lake; Rye Lake
120052085,,"Tappan, Lake",gnis_inside,882028,Lake Tappan,Reservoir,New Jersey,1,723.0,
9494728,Lake Montauk,Lake Montauk,shapefile,957544,Lake Montauk,Lake,New York,1,43.1,
6248826,Boonton Reservoir,Boonton Reservoir,shapefile,874223,Boonton Reservoir,Reservoir,New Jersey,1,142.5,
9512546,,Round Valley Reservoir,gnis_inside,879839,Round Valley Reservoir,Reservoir,New Jersey,1,143.6,
1748473,Pepacton Reservoir,Pepacton Reservoir,shapefile,960168,Pepacton Reservoir,Reservoir,New York,1,5309.4,
2613174,Cannonsville Reservoir,Cannonsville Reservoir,shapefile,945783,Cannonsville Reservoir,Reservoir,New York,1,3525.2,
2741600,,"Wallenpaupack, Lake",gnis_inside,1199735,Lake Wallenpaupack,Reservoir,Pennsylvania,1,1037.0,
2585287,Lake Hopatcong,Lake Hopatcong,shapefile,877238,Lake Hopatcong,Reservoir,New Jersey,1,1262.5,
4146742,Neversink Reservoir,Neversink Reservoir,shapefile,958385,Neversink Reservoir,Reservoir,New York,1,3372.2,
4480397,,Van Sciver Lake,gnis_inside,1193595,Van Sciver Lake,Reservoir,Pennsylvania,1,662.0,
9483818,Union Lake,Union Lake,shapefile,881356,Union Lake,Reservoir,New Jersey,1,359.3,
9479840,,,none,,,,,0,,
120051973,Canadarago Lake,Canadarago Lake,shapefile,945728,Canadarago Lake,Lake,New York,1,146.2,
120053255,Lake Aldred,Lake Aldred,shapefile,1192269,Lake Clarke,Reservoir,Pennsylvania,1,4718.9,
4726045,Lake Aldred,Lake Aldred,shapefile,1192060,Lake Aldred,Reservoir,Pennsylvania,2,6234.0,Conowingo Reservoir
9422503,,,none,,,,,0,,
8083243,Otsego Lake,Otsego Lake,shapefile,959551,Otsego Lake,Lake,New York,1,819.7,
8384919,Raymond Pond,Raymond Pond,shapefile,586778,Raymond Pond,Lake,Maryland,6,1087.4,Twin Ponds; Coulson Pond; Cattail Pond
120053458,,"Anna, Lake",gnis_inside,1501942,Lake Anna,Reservoir,Virginia,1,4537.0,
8605969,Swift Creek Reservoir,Swift Creek Reservoir,shapefile,1475386,Swift Creek Reservoir,Reservoir,Virginia,1,1471.8,
15444647,Chautauqua Lake,Chautauqua Lake,shapefile,946461,Chautauqua Lake,Lake,New York,1,2519.6,
9051389,Conneaut Lake,Conneaut Lake,shapefile,1172337,Conneaut Lake,Lake,Pennsylvania,1,123.7,
166899002,Allegheny Reservoir,Allegheny Reservoir,shapefile,1217454,Allegheny Reservoir,Reservoir,Pennsylvania,1,654.0,
3806779,,Youghiogheny River Lake,gnis_inside,1193703,Youghiogheny River Lake,Reservoir,Pennsylvania,1,5954.8,
166899102,Deep Creek Lake,Deep Creek Lake,shapefile,,,,,0,,
13155459,,Michael J Kirwan Reservoir,gnis_inside,1061227,Michael J Kirwan Reservoir,Reservoir,Ohio,1,2859.3,
12995134,,,none,,,,,0,,
120053668,Pymatuning Swamp (historical),Pymatuning Swamp (historical),shapefile,1199940,Pymatuning Reservoir,Reservoir,Pennsylvania,1,7694.5,
13152353,Mosquito Creek Lake,Mosquito Creek Lake,shapefile,1043509,Mosquito Creek Lake,Reservoir,Ohio,1,227.8,
13156683,Evans Lake,Evans Lake,shapefile,1040260,Evans Lake,Reservoir,Ohio,1,549.9,
166899115,Berlin Lake,Berlin Lake,shapefile,1037872,Berlin Lake,Reservoir,Ohio,1,1394.4,
13152651,Lake Milton,Lake Milton,shapefile,1043393,Lake Milton,Reservoir,Ohio,1,919.1,
12996298,,Shenango River Lake,gnis_inside,1046181,Shenango River Lake,Reservoir,Pennsylvania,1,3786.0,
10925571,Lake Arthur,Lake Arthur,shapefile,1168431,Lake Arthur,Reservoir,Pennsylvania,1,2075.9,
15364799,,Buckeye Lake,gnis_inside,1038476,Buckeye Lake,Reservoir,Ohio,1,2136.1,
15408959,Pleasant Hill Lake,Pleasant Hill Lake,shapefile,1037286,Pleasant Hill Lake,Reservoir,Ohio,1,779.6,
19390686,Tappan Lake,Tappan Lake,shapefile,1046947,Tappan Lake,Reservoir,Ohio,1,3408.7,
15372030,Senecaville Lake,Senecaville Lake,shapefile,1058011,Senecaville Lake,Reservoir,Ohio,1,2751.3,
6883548,Claytor Lake,Claytor Lake,shapefile,1501983,Claytor Lake,Reservoir,Virginia,1,963.8,
5212313,Williams Lake,Williams Lake,shapefile,1047931,Alum Creek Lake,Reservoir,Ohio,1,1430.4,
5231452,,Rocky Fork Lake,gnis_inside,1045138,Rocky Fork Lake,Reservoir,Ohio,1,529.6,
3984810,Clarence J Brown Reservoir,Clarence J Brown Reservoir,shapefile,1080470,Clarence J Brown Reservoir,Reservoir,Ohio,1,1454.9,
166899198,Lucys Pond,Lucys Pond,shapefile,1042826,Lucys Pond,Reservoir,Ohio,1,1480.2,
166899200,Brookville Lake,Brookville Lake,shapefile,431588,Brookville Lake,Reservoir,Indiana,1,3106.2,
166899203,,William H Harsha Lake,gnis_inside,1048404,William H Harsha Lake,Reservoir,Ohio,1,2013.3,
166899204,,,none,,,,,0,,
166830448,Giant Canada Goose Pond,Giant Canada Goose Pond,shapefile,511277,Cave Run Lake,Reservoir,Kentucky,1,2703.1,
3999688,Green River Lake,Green River Lake,shapefile,493295,Green River Lake,Reservoir,Kentucky,1,3817.6,
18465136,,Cagles Mill Lake,gnis_inside,431941,Cagles Mill Lake,Reservoir,Indiana,1,423.7,
18474509,Prairie Creek Reservoir,Prairie Creek Reservoir,shapefile,441554,Prairie Creek Reservoir,Reservoir,Indiana,1,177.4,
120052700,,Grand Lake,gnis_inside,1083992,Grand Lake,Reservoir,Ohio,1,969.3,
10285354,,Turtle Creek Lake,gnis_inside,447724,Turtle Creek Lake,Reservoir,Indiana,1,749.5,
10337538,,"Charleston, Lake",gnis_inside,1691851,Lake Charleston,Reservoir,Illinois,1,21.5,
18438992,,Patoka Lake,gnis_inside,451715,Patoka Lake,Reservoir,Indiana,1,3110.3,
18469416,Lake Lemon,Lake Lemon,shapefile,437773,Lake Lemon,Reservoir,Indiana,1,300.9,
18443736,,,none,,,,,0,,
18487094,Lake Maxinkuckee,Lake Maxinkuckee,shapefile,438748,Lake Maxinkuckee,Reservoir,Indiana,1,191.4,
18486080,,Winona Lake,gnis_inside,2764997,Winona Lake,Lake,Indiana,1,60.8,
10380929,Broad Pond,Broad Pond,shapefile,431541,Broad Pond,Reservoir,Indiana,1,875.7,
166899251,Monroe Lake,Monroe Lake,shapefile,451234,Monroe Lake,Reservoir,Indiana,1,2148.8,
18415569,,Kirkpatrick Lake (historical),gnis_inside,1312859,Kirkpatrick Lake (historical),Lake,Tennessee,2,3746.6,Old Hickory Lake
10175533,Cordell Hull Reservoir,Cordell Hull Reservoir,shapefile,1303428,Cordell Hull Reservoir,Reservoir,Tennessee,1,16672.9,
120052688,Duncan Lake (historical),Duncan Lake (historical),shapefile,1289137,J Percy Priest Reservoir,Reservoir,Tennessee,2,1037.7,Duncan Lake (historical)
166899300,Lake Cumberland,Lake Cumberland,shapefile,490483,Lake Cumberland,Reservoir,Kentucky,1,15693.6,
167122309,,Center Hill Lake,gnis_inside,1313767,Center Hill Lake,Reservoir,Tennessee,1,15918.4,
166899385,Bards Lake,Bards Lake,shapefile,486356,Lake Barkley,Reservoir,Kentucky,3,10339.1,Lake Clough; Pool Fourteen
166997474,South Holston Lake,South Holston Lake,shapefile,1327073,South Holston Lake,Reservoir,Tennessee,1,7623.6,
166997463,,Douglas Lake,gnis_inside,1282739,Douglas Lake,Reservoir,Tennessee,2,664.8,Seahorn Pond (historical)
166997501,,Cherokee Lake,gnis_inside,1280322,Cherokee Lake,Reservoir,Tennessee,3,13203.6,John Sevier Detention Reservoir; Long Pond (historical)
166997494,,Watts Bar Lake,gnis_inside,1304421,Watts Bar Lake,Reservoir,Tennessee,1,16361.7,
166997493,,Fort Loudoun Lake,gnis_inside,1307966,Fort Loudoun Lake,Reservoir,Tennessee,1,6375.4,
936010061,,Chilhowee Lake,gnis_inside,1280464,Chilhowee Lake,Reservoir,Tennessee,2,18531.1,Calderwood Lake
19668381,Blue Ridge Lake,Blue Ridge Lake,shapefile,354784,Blue Ridge Lake,Reservoir,Georgia,1,152.6,
166997583,,Judd Slough,gnis_inside,1289869,Judd Slough,Lake,Tennessee,4,2049.2,Flag Pond; Dallas Lake; Chickamauga Lake
166997575,,,none,,,,,0,,
166997574,Cummings Lake,Cummings Lake,shapefile,1295741,Nickajack Lake,Reservoir,Tennessee,4,3163.6,Bennett Lake; Browns Lake; Cummings Lake
19598582,White Lake (historical),White Lake (historical),shapefile,1326389,Pickwick Lake,Reservoir,Alabama,1,1215.4,
19647430,,,none,,,,,0,,
166997588,Woods Reservoir,Woods Reservoir,shapefile,1275089,Woods Reservoir,Reservoir,Tennessee,1,1411.4,
166997604,,Wilson Lake,gnis_inside,129085,Wilson Lake,Reservoir,Alabama,1,5886.5,
167182204,,Clarks Lake (historical),gnis_inside,139138,Clarks Lake (historical),Reservoir,Alabama,6,4822.9,Guntersville Lake; Wiley Lake (historical); Black Lake (historical)
167679168,Guntersville Lake,Guntersville Lake,shapefile,112837,Wheeler Lake,Reservoir,Alabama,6,1545.3,Swan Lake (historical); Beaver Lake (historical); Goose Pond (historical)
120052349,,Vinson Pond (historical),gnis_inside,1309006,Vinson Pond (historical),Lake,Tennessee,1,13326.1,
167679193,,Harold Pond (historical),gnis_inside,1310612,Harold Pond (historical),Lake,Tennessee,10,1556.8,Crane Pond (historical); Clark Lake (historical); Cypress Pond (historical)
167679192,,,none,,,,,0,,
1097324,White Bear Lake,White Bear Lake,shapefile,654076,White Bear Lake,Lake,Minnesota,1,242.9,
1099052,Bald Eagle Lake,Bald Eagle Lake,shapefile,639593,Bald Eagle Lake,Lake,Minnesota,1,467.2,
2723763,Sugar Lake,Sugar Lake,shapefile,652772,Sugar Lake,Lake,Minnesota,1,288.2,
2723765,Clearwater Lake,Clearwater Lake,shapefile,641320,Clearwater Lake,Lake,Minnesota,1,439.5,
2723927,Pleasant Lake,Pleasant Lake,shapefile,649560,Pleasant Lake,Lake,Minnesota,1,11.9,
4857683,South Long Lake,South Long Lake,shapefile,652327,South Long Lake,Lake,Minnesota,2,246.5,Lower Long Lake
4620258,Pine River Reservoir,Pine River Reservoir,shapefile,653574,Upper Whitefish Lake,Lake,Minnesota,15,1164.5,Bertha Lake; Lower Hay Lake; Lower Whitefish Lake
2350916,King Lake,King Lake,shapefile,646160,King Lake,Lake,Minnesota,1,99.4,
4855703,Ripple Lake,Ripple Lake,shapefile,644625,Hanging Kettle Lake,Lake,Minnesota,3,319.2,Diamond Lake; Ripple Lake
4251408,Lake Koronis,Lake Koronis,shapefile,646237,Lake Koronis,Reservoir,Minnesota,1,525.0,
4855685,Serpent Lake,Serpent Lake,shapefile,651857,Serpent Lake,Lake,Minnesota,1,172.8,
4859143,Big Swan Lake,Big Swan Lake,shapefile,640140,Big Swan Lake,Lake,Minnesota,1,413.2,
4855949,Farm Island Lake,Farm Island Lake,shapefile,643565,Farm Island Lake,Lake,Minnesota,1,292.2,
2723897,Clear Lake,Clear Lake,shapefile,641284,Clear Lake,Lake,Minnesota,1,275.3,
4943483,Shell Lake,Shell Lake,shapefile,651943,Shell Lake,Lake,Minnesota,1,111.7,
4822083,Wabedo Lake,Wabedo Lake,shapefile,658866,Wabedo Lake,Lake,Minnesota,1,1038.8,
4822095,Black Water Lake,Black Water Lake,shapefile,655415,Black Water Lake,Lake,Minnesota,2,70.2,Blackwater Lake
4251588,,Green Lake,gnis_inside,644418,Green Lake,Lake,Minnesota,2,909.3,Nest Lake
4251590,Nest Lake,Nest Lake,shapefile,648491,Nest Lake,Lake,Minnesota,1,153.3,
4963181,Fish Trap Lake,Fish Trap Lake,shapefile,660487,Fish Trap Lake,Lake,Minnesota,1,233.1,
1101642,,,none,,,,,0,,
1101756,Pigs Eye Lake,Pigs Eye Lake,shapefile,649406,Pigs Eye Lake,Lake,Minnesota,1,459.0,
2354124,Belle Lake,Belle Lake,shapefile,639888,Belle Lake,Lake,Minnesota,1,57.4,
22321591,Gull Lake,Gull Lake,shapefile,656477,Gull Lake,Lake,Minnesota,1,958.9,
22322421,Big Rice Lake,Big Rice Lake,shapefile,658034,Big Rice Lake,Lake,Minnesota,1,156.4,
4621002,Horseshoe Lake,Horseshoe Lake,shapefile,645244,Horseshoe Lake,Lake,Minnesota,1,264.2,
4250568,Waverly Lake,Waverly Lake,shapefile,653861,Waverly Lake,Lake,Minnesota,1,97.2,
1098396,Coon Lake,Coon Lake,shapefile,655799,Coon Lake,Lake,Minnesota,1,260.3,
4936611,Mantrap Lake,Mantrap Lake,shapefile,,,,,0,,
4834232,Trout Lake,Trout Lake,shapefile,658758,Trout Lake,Lake,Minnesota,1,197.6,
4821857,Little Boy Lake,Little Boy Lake,shapefile,657038,Little Boy Lake,Lake,Minnesota,1,267.4,
4821881,Birch Lake,Birch Lake,shapefile,655396,Birch Lake,Lake,Minnesota,1,577.4,
22327103,Midge Lake,Midge Lake,shapefile,657389,Midge Lake,Lake,Minnesota,1,80.7,
22327155,,Ojibway Impoundment,gnis_near,659398,Ojibway Impoundment,Reservoir,Minnesota,1,208.8,
4616338,Roosevelt Lake,Roosevelt Lake,shapefile,658087,Roosevelt Lake,Lake,Minnesota,1,1623.4,
2350664,Mennetaga Lake,Mennetaga Lake,shapefile,647766,Mennetaga Lake,Lake,Minnesota,1,99.8,
4819397,Oak Lake,Oak Lake,shapefile,657648,Oak Lake,Lake,Minnesota,1,3363.1,
4839500,Thunder Lake,Thunder Lake,shapefile,658681,Thunder Lake,Reservoir,Minnesota,1,1479.6,
4817819,Crooked Lake,Crooked Lake,shapefile,655888,Crooked Lake,Lake,Minnesota,1,78.0,
4817823,Garfield Lake,Garfield Lake,shapefile,656356,Garfield Lake,Lake,Minnesota,1,311.2,
4817931,Kabekona Lake,Kabekona Lake,shapefile,656841,Kabekona Lake,Lake,Minnesota,1,715.3,
120052022,Medicine Lake,Medicine Lake,shapefile,647734,Medicine Lake,Lake,Minnesota,1,254.8,
4980330,Lake Osakis,Lake Osakis,shapefile,649013,Lake Osakis,Lake,Minnesota,1,711.3,
4250226,Pelican Lake,Pelican Lake,shapefile,,,,,0,,
22324537,Moose Lake,Moose Lake,shapefile,657461,Moose Lake,Lake,Minnesota,1,124.9,
22324571,Deer Lake,Deer Lake,shapefile,655965,Deer Lake,Lake,Minnesota,1,608.8,
22324575,Ball Club Lake,Ball Club Lake,shapefile,655203,Ball Club Lake,Lake,Minnesota,1,131.1,
22324769,White Oak Lake,White Oak Lake,shapefile,658989,White Oak Lake,Lake,Minnesota,1,281.4,
22321703,Long Lake,Long Lake,shapefile,647105,Long Lake,Lake,Minnesota,1,442.1,
22321989,Movil Lake,Movil Lake,shapefile,657496,Movil Lake,Lake,Minnesota,1,512.5,
22321995,Beltrami Lake,Beltrami Lake,shapefile,655324,Beltrami Lake,Lake,Minnesota,1,520.6,
22322013,Turtle River Lake,Turtle River Lake,shapefile,658780,Turtle River Lake,Lake,Minnesota,1,417.5,
22325161,Sugar Lake,Sugar Lake,shapefile,658530,Sugar Lake,Lake,Minnesota,1,171.3,
22325169,Siseebakwet Lake,Siseebakwet Lake,shapefile,658276,Siseebakwet Lake,Lake,Minnesota,1,21.1,
22327031,Little Winnibigoshish Lake,Little Winnibigoshish Lake,shapefile,657155,Little Winnibigoshish Lake,Lake,Minnesota,1,112.4,
22327043,Grace Lake,Grace Lake,shapefile,656424,Grace Lake,Lake,Minnesota,1,45.3,
4835034,Split Hand Lake,Split Hand Lake,shapefile,652402,Split Hand Lake,Reservoir,Minnesota,1,80.7,
4816421,Big Sand Lake,Big Sand Lake,shapefile,655376,Big Sand Lake,Lake,Minnesota,1,326.4,
4852433,Dam Lake,Dam Lake,shapefile,642615,Dam Lake,Lake,Minnesota,1,58.9,
22324869,Little White Oak Lake,Little White Oak Lake,shapefile,657151,Little White Oak Lake,Lake,Minnesota,1,56.9,
22324969,,Pokegama Lake,gnis_inside,657885,Pokegama Lake,Lake,Minnesota,2,612.5,Little Pokegama Lake
4834066,Swan Lake,Swan Lake,shapefile,652896,Swan Lake,Lake,Minnesota,1,483.3,
4834134,Shoal Lake,Shoal Lake,shapefile,658243,Shoal Lake,Lake,Minnesota,1,202.5,
4838796,Prairie Lake,Prairie Lake,shapefile,662228,Prairie Lake,Lake,Minnesota,1,112.0,
4821587,,Woman Lake,gnis_inside,659062,Woman Lake,Lake,Minnesota,2,1136.0,Girl Lake
4250428,Buffalo Lake,Buffalo Lake,shapefile,640616,Buffalo Lake,Lake,Minnesota,1,64.6,
4251354,Rice Lake,Rice Lake,shapefile,650035,Rice Lake,Lake,Minnesota,1,355.9,
4251740,Diamond Lake,Diamond Lake,shapefile,642800,Diamond Lake,Lake,Minnesota,1,365.2,
2354424,Preston Lake,Preston Lake,shapefile,649731,Preston Lake,Lake,Minnesota,1,38.8,
2361124,Shakopee Lake,Shakopee Lake,shapefile,651901,Shakopee Lake,Lake,Minnesota,1,99.3,
4821741,Webb Lake,Webb Lake,shapefile,658917,Webb Lake,Lake,Minnesota,1,395.9,
4840114,Round Lake,Round Lake,shapefile,650348,Round Lake,Lake,Minnesota,1,10.0,
4620672,Upper Hay Lake,Upper Hay Lake,shapefile,653549,Upper Hay Lake,Lake,Minnesota,1,83.5,
4817601,Sucker Lakes,Sucker Lakes,shapefile,658525,Sucker Lakes,Lake,Minnesota,1,131.8,
4817643,Sixmile Lake,Sixmile Lake,shapefile,658281,Sixmile Lake,Lake,Minnesota,1,353.4,
4817675,Leech Lake,Leech Lake,shapefile,656980,Leech Lake,Lake,Minnesota,1,3218.7,
4817769,Steamboat Lake,Steamboat Lake,shapefile,658464,Steamboat Lake,Lake,Minnesota,1,145.6,
4817841,Swamp Lake,Swamp Lake,shapefile,658561,Swamp Lake,Lake,Minnesota,1,50.1,
4831058,Round Lake,Round Lake,shapefile,658102,Round Lake,Lake,Minnesota,1,64.3,
4831412,Buck Lake,Buck Lake,shapefile,640585,Buck Lake,Lake,Minnesota,1,43.9,
4851955,Esquagamah Lake,Esquagamah Lake,shapefile,643415,Esquagamah Lake,Reservoir,Minnesota,2,119.8,Little Willow River
4851965,Waukenabo Lake,Waukenabo Lake,shapefile,653855,Waukenabo Lake,Lake,Minnesota,2,95.8,Waukenabo Lake
4857623,Upper South Long Lake,Upper South Long Lake,shapefile,653568,Upper South Long Lake,Lake,Minnesota,1,58.2,
4956852,Wolf Lake,Wolf Lake,shapefile,654320,Wolf Lake,Lake,Minnesota,1,1169.0,
4946249,Round Lake,Round Lake,shapefile,650341,Round Lake,Lake,Minnesota,1,68.4,
4946253,North Long Lake,North Long Lake,shapefile,648668,North Long Lake,Lake,Minnesota,1,266.6,
4964689,Lake Miltona,Lake Miltona,shapefile,647898,Lake Miltona,Lake,Minnesota,1,230.0,
22326861,Lake Irving,Lake Irving,shapefile,656717,Lake Irving,Lake,Minnesota,1,76.6,
4940835,Lake Belle Taine,Lake Belle Taine,shapefile,655321,Lake Belle Taine,Lake,Minnesota,1,1326.7,
4963177,Lake Alexander,Lake Alexander,shapefile,660485,Lake Alexander,Lake,Minnesota,1,516.6,
4966599,Lake Le Homme Dieu,Lake Le Homme Dieu,shapefile,646544,Lake Le Homme Dieu,Lake,Minnesota,1,187.3,
22321799,Turtle Lake,Turtle Lake,shapefile,658774,Turtle Lake,Lake,Minnesota,1,415.7,
4946451,Red Sand Lake,Red Sand Lake,shapefile,649883,Red Sand Lake,Lake,Minnesota,1,311.8,
167122292,Tenmile Lake,Tenmile Lake,shapefile,658633,Tenmile Lake,Lake,Minnesota,1,109.2,
167122289,Laura Lake,Laura Lake,shapefile,656961,Laura Lake,Lake,Minnesota,1,316.4,
167122299,Boy Lake,Boy Lake,shapefile,655503,Boy Lake,Lake,Minnesota,2,3563.4,Skelly Lake
2360752,Borden Lake,Borden Lake,shapefile,640384,Borden Lake,Lake,Minnesota,2,1812.8,Borden Lake
4946503,White Sand Lake,White Sand Lake,shapefile,654094,White Sand Lake,Lake,Minnesota,1,93.5,
4971777,Little Rock Lake,Little Rock Lake,shapefile,646915,Little Rock Lake,Lake,Minnesota,1,636.1,
4978558,Sauk Lake,Sauk Lake,shapefile,651234,Sauk Lake,Reservoir,Minnesota,1,501.1,
4981198,Grand Lake,Grand Lake,shapefile,644324,Grand Lake,Lake,Minnesota,1,100.7,
4981268,Pearl Lake,Pearl Lake,shapefile,649211,Pearl Lake,Lake,Minnesota,1,22.8,
4620890,Pelican Lake,Pelican Lake,shapefile,649236,Pelican Lake,Lake,Minnesota,1,230.9,
4966619,Lake Darling,Lake Darling,shapefile,642641,Lake Darling,Lake,Minnesota,2,78.6,Lake Alvin
4616696,Emily Lake,Emily Lake,shapefile,1775967,Lake Emily,Reservoir,Minnesota,1,141.7,
167122195,Lake Jennie,Lake Jennie,shapefile,645623,Lake Jennie,Lake,Minnesota,1,146.6,
167122160,Big Rush Lake,Big Rush Lake,shapefile,640121,Big Rush Lake,Lake,Minnesota,1,426.2,
167122169,Big Sand Lake,Big Sand Lake,shapefile,640122,Big Sand Lake,Lake,Minnesota,1,304.7,
167122172,Gull Lake,Gull Lake,shapefile,644527,Gull Lake,Reservoir,Minnesota,6,2211.1,Lake Margaret; Spider Lake; Bass Lake
22326823,Andrusia Lake,Andrusia Lake,shapefile,655139,Andrusia Lake,Lake,Minnesota,1,1297.9,
4833160,Trout Lake,Trout Lake,shapefile,658757,Trout Lake,Lake,Minnesota,1,180.3,
4856147,Nokay Lake,Nokay Lake,shapefile,648569,Nokay Lake,Lake,Minnesota,1,249.1,
4251618,Marie Lake,Marie Lake,shapefile,652969,East Lake Sylvia,Lake,Minnesota,3,605.1,Marie Lake; West Lake Sylvia
167120454,Washburn Lake,Washburn Lake,shapefile,658902,Washburn Lake,Lake,Minnesota,1,412.3,
167120719,Lake Ida,Lake Ida,shapefile,645334,Lake Ida,Lake,Minnesota,1,509.7,
167120397,Aitkin Lake,Aitkin Lake,shapefile,640123,Big Sandy Lake,Reservoir,Minnesota,2,1190.1,Aitkin Lake
167120562,Big Kandiyohi Lake,Big Kandiyohi Lake,shapefile,640092,Big Kandiyohi Lake,Lake,Minnesota,1,577.8,
120051919,Pool 2,Pool 2,shapefile,1776825,Pool 2,Reservoir,Minnesota,4,2454.1,Spring Lake; Mooers Lake; Baldwin Lake
4855985,Clear Lake,Clear Lake,shapefile,641301,Clear Lake,Lake,Minnesota,1,196.4,
4817559,Portage Lake,Portage Lake,shapefile,657915,Portage Lake,Lake,Minnesota,1,330.4,
4851981,Round Lake,Round Lake,shapefile,650349,Round Lake,Lake,Minnesota,1,42.0,
4854979,Upper Mission Lake,Upper Mission Lake,shapefile,653555,Upper Mission Lake,Lake,Minnesota,1,183.6,
4857069,Bass Lake,Bass Lake,shapefile,639686,Bass Lake,Lake,Minnesota,1,11.1,
4978640,Big Birch Lake,Big Birch Lake,shapefile,640079,Big Birch Lake,Lake,Minnesota,2,459.2,Big Birch Lake
4963129,Shamineau Lake,Shamineau Lake,shapefile,651906,Shamineau Lake,Lake,Minnesota,1,132.3,
2360694,Round Lake,Round Lake,shapefile,650338,Round Lake,Lake,Minnesota,1,199.4,
4252056,Howard Lake,Howard Lake,shapefile,645258,Howard Lake,Lake,Minnesota,1,43.8,
1101766,,,none,,,,,0,,
22324705,Bass Lake,Bass Lake,shapefile,655256,Bass Lake,Lake,Minnesota,1,3084.8,
22326997,Wolf Lake,Wolf Lake,shapefile,659056,Wolf Lake,Lake,Minnesota,1,491.3,
4821725,,Inguadona Lake,gnis_inside,656703,Inguadona Lake,Lake,Minnesota,2,1065.2,Rice Lake
22327369,Lake George,Lake George,shapefile,644084,Lake George,Lake,Minnesota,1,146.5,
2365854,Lake George,Lake George,shapefile,644081,Lake George,Lake,Minnesota,1,56.8,
4251580,Lake Calhoun,Lake Calhoun,shapefile,640737,Lake Calhoun,Reservoir,Minnesota,1,92.8,
4252134,Lake Minnie-Belle,Lake Minnie-Belle,shapefile,647968,Lake Minnie-Belle,Lake,Minnesota,1,129.0,
4822093,Big Deep Lake,Big Deep Lake,shapefile,655359,Big Deep Lake,Lake,Minnesota,1,64.4,
4619272,Pine Mountain Lake,Pine Mountain Lake,shapefile,657843,Pine Mountain Lake,Lake,Minnesota,1,21.4,
4818431,Town Line Lake,Town Line Lake,shapefile,658727,Town Line Lake,Lake,Minnesota,1,97.5,
1101942,Lake Minnewashta,Lake Minnewashta,shapefile,647957,Lake Minnewashta,Lake,Minnesota,1,224.0,
1101734,Lake Minnetonka,Lake Minnetonka,shapefile,,,,,0,,
2723925,Cedar Lake,Cedar Lake,shapefile,1776718,Cedar Lake,Reservoir,Minnesota,1,456.2,
4955292,Rice Portage Lake,Rice Portage Lake,shapefile,655372,Big Portage Lake,Lake,Minnesota,2,257.7,Rice Portage Lake
1101590,Lower Lake,Lower Lake,shapefile,647954,Lake Minnetonka,Lake,Minnesota,4,676.5,Lower Lake; Saint Albans Bay; Grays Bay
167122174,Lake Edward,Lake Edward,shapefile,643188,Lake Edward,Lake,Minnesota,1,123.1,
167122137,Buck Lake,Buck Lake,shapefile,655664,Cass Lake,Reservoir,Minnesota,3,3039.8,Buck Lake; Pug Hole Lake
167122141,Sugar Lake,Sugar Lake,shapefile,659043,Lake Winnibigoshish,Reservoir,Minnesota,7,2565.3,Deer Lake; Cut Foot Sioux Lake; Sugar Lake
167122139,Big Lake,Big Lake,shapefile,655369,Big Lake,Lake,Minnesota,1,623.6,
167122140,Kitchi Lake,Kitchi Lake,shapefile,656903,Kitchi Lake,Lake,Minnesota,2,294.0,Little Rice Lake
167122125,Lake Bemidji,Lake Bemidji,shapefile,655327,Lake Bemidji,Lake,Minnesota,1,335.8,
4252042,Lake Washington,Lake Washington,shapefile,653826,Lake Washington,Lake,Minnesota,1,223.5,
4252072,Lake Stella,Lake Stella,shapefile,652614,Lake Stella,Lake,Minnesota,1,65.4,
4945805,Mud Lake,Mud Lake,shapefile,643708,Fishhook Lake,Lake,Minnesota,3,1202.3,Mud Lake; Fish Hook River Reservoir
4251680,Lake Francis,Lake Francis,shapefile,643875,Lake Francis,Lake,Minnesota,1,293.0,
2362366,Green Lake,Green Lake,shapefile,644412,Green Lake,Lake,Minnesota,1,82.5,
4251422,Lake Monongalia,Lake Monongalia,shapefile,648239,Lake Monongalia,Reservoir,Minnesota,1,549.2,
2360642,Mille Lacs Lake,Mille Lacs Lake,shapefile,647859,Mille Lacs Lake,Lake,Minnesota,1,1190.9,
4251934,Lake Ripley,Lake Ripley,shapefile,650094,Lake Ripley,Lake,Minnesota,1,87.3,
4252106,Collinwood Lake,Collinwood Lake,shapefile,641406,Collinwood Lake,Lake,Minnesota,1,240.6,
4942039,Lower Cullen Lake,Lower Cullen Lake,shapefile,647248,Lower Cullen Lake,Lake,Minnesota,2,976.0,Middle Cullen Lake
120052135,Potato Lake,Potato Lake,shapefile,649689,Potato Lake,Lake,Minnesota,1,381.5,
4821997,Boss Lake,Boss Lake,shapefile,657869,Pleasant Lake,Lake,Minnesota,2,173.6,Boss Lake
4970199,Sullivan Lake,Sullivan Lake,shapefile,649543,Platte Lake,Lake,Minnesota,2,1352.5,Sullivan Lake
2349188,Lake Independence,Lake Independence,shapefile,645398,Lake Independence,Lake,Minnesota,1,186.6,
4840066,Lake Minnewawa,Lake Minnewawa,shapefile,647962,Lake Minnewawa,Lake,Minnesota,1,765.1,
4619296,Lake Ada,Lake Ada,shapefile,655077,Lake Ada,Lake,Minnesota,1,193.0,
2350742,Lake Elizabeth,Lake Elizabeth,shapefile,643256,Lake Elizabeth,Lake,Minnesota,1,116.9,
2354176,Lake Lillian,Lake Lillian,shapefile,646639,Lake Lillian,Lake,Minnesota,1,134.9,
1101684,Lake Calhoun,Lake Calhoun,shapefile,640736,Bde Maka Ska,Lake,Minnesota,1,30.2,
4966827,Lake Andrew,Lake Andrew,shapefile,639366,Lake Andrew,Lake,Minnesota,1,168.2,
4964681,Lake Irene,Lake Irene,shapefile,645446,Lake Irene,Lake,Minnesota,1,17.2,
4966777,Lake Mary,Lake Mary,shapefile,647601,Lake Mary,Lake,Minnesota,1,277.3,
22327057,Lake Plantagenet,Lake Plantagenet,shapefile,649538,Lake Plantagenet,Lake,Minnesota,1,226.9,
4817711,Lake Thirteen,Lake Thirteen,shapefile,658661,Lake Thirteen,Lake,Minnesota,1,64.1,
4966535,Lake Carlos,Lake Carlos,shapefile,640901,Lake Carlos,Lake,Minnesota,1,420.8,
4250322,Lake Pulaski,Lake Pulaski,shapefile,649756,Lake Pulaski,Lake,Minnesota,1,67.9,
4946183,Lake Hubert,Lake Hubert,shapefile,645271,Lake Hubert,Lake,Minnesota,1,147.5,
4141942,Loon Lake,Loon Lake,shapefile,647165,Loon Lake,Lake,Minnesota,1,84.2,
4412870,Red Rock Lake,Red Rock Lake,shapefile,649881,Red Rock Lake,Lake,Minnesota,1,381.7,
4102293,,Barrett Lake,gnis_near,639647,Barrett Lake,Reservoir,Minnesota,1,194.3,
4082352,Bullhead Lake,Bullhead Lake,shapefile,1254155,Bullhead Lake,Lake,South Dakota,1,80.5,
4098913,First Silver Lake,First Silver Lake,shapefile,643663,First Silver Lake,Lake,Minnesota,1,192.4,
2424511,Kansas Lake,Kansas Lake,shapefile,646036,Kansas Lake,Lake,Minnesota,1,82.2,
10595608,Elysian Lake,Elysian Lake,shapefile,646440,Lakeview Lake,Lake,Minnesota,2,665.3,Elysian Lake
10596502,Minnesota Lake,Minnesota Lake,shapefile,647939,Minnesota Lake,Lake,Minnesota,2,284.5,Minnesota Lake
10595748,Buffalo Lake,Buffalo Lake,shapefile,640610,Buffalo Lake,Lake,Minnesota,1,320.7,
167120594,Pomme de Terre Lake,Pomme de Terre Lake,shapefile,649619,Pomme de Terre Lake,Lake,Minnesota,1,495.3,
167120609,Eagle Lake,Eagle Lake,shapefile,643027,Eagle Lake,Lake,Minnesota,1,118.9,
4415632,Florida Lake,Florida Lake,shapefile,643761,Lake Florida,Lake,Minnesota,1,127.0,
120052019,Swan Lake,Swan Lake,shapefile,652901,Swan Lake,Lake,Minnesota,1,467.1,
4099203,Stalker Lake,Stalker Lake,shapefile,652537,Stalker Lake,Lake,Minnesota,1,72.9,
4099427,Eagle Lake,Eagle Lake,shapefile,643021,Eagle Lake,Lake,Minnesota,1,22.7,
2747598,Walnut Lake,Walnut Lake,shapefile,653745,Walnut Lake,Reservoir,Minnesota,1,32.3,
4099665,Tenmile Lake,Tenmile Lake,shapefile,653083,Tenmile Lake,Lake,Minnesota,1,288.2,
4413176,Maple Lake,Maple Lake,shapefile,647489,Maple Lake,Lake,Minnesota,1,386.7,
4413350,Villard Lake,Villard Lake,shapefile,653659,Villard Lake,Lake,Minnesota,1,89.2,
4413390,Amelia Lake,Amelia Lake,shapefile,639323,Amelia Lake,Lake,Minnesota,1,328.5,
4104123,Artichoke Lake,Artichoke Lake,shapefile,639458,Artichoke Lake,Lake,Minnesota,1,187.0,
2387652,High Island Lake,High Island Lake,shapefile,644940,High Island Lake,Lake,Minnesota,1,297.3,
4415506,Norway Lake,Norway Lake,shapefile,648750,Norway Lake,Lake,Minnesota,1,1151.7,
4415554,Andrew Lake,Andrew Lake,shapefile,639365,Andrew Lake,Lake,Minnesota,1,100.4,
167122213,Lake Hendricks,Lake Hendricks,shapefile,1255511,Lake Hendricks,Lake,South Dakota,1,1033.6,
167122203,Big Stone Lake,Big Stone Lake,shapefile,640135,Big Stone Lake,Reservoir,Minnesota,1,7273.8,
4411926,Lake Moses,Lake Moses,shapefile,648128,Lake Moses,Lake,Minnesota,1,59.1,
4136948,Dead Coon Lake,Dead Coon Lake,shapefile,655944,Dead Coon Lake,Lake,Minnesota,1,73.6,
4412412,Chippewa Lake,Chippewa Lake,shapefile,641165,Chippewa Lake,Lake,Minnesota,1,1015.6,
10597310,Lura Lake,Lura Lake,shapefile,647304,Lura Lake,Lake,Minnesota,1,57.2,
2748312,Hall Lake,Hall Lake,shapefile,644580,Hall Lake,Lake,Minnesota,1,147.0,
4120278,Long Lake,Long Lake,shapefile,647049,Long Lake,Lake,Minnesota,1,565.9,
4111236,Fish Lake,Fish Lake,shapefile,1255059,Fish Lake,Lake,South Dakota,1,104.3,
2385742,Cedar Lake,Cedar Lake,shapefile,641008,Cedar Lake,Lake,Minnesota,1,168.4,
4099945,Melby Lake,Melby Lake,shapefile,649235,Pelican Lake,Lake,Minnesota,1,539.6,
2385692,Silver Lake,Silver Lake,shapefile,652060,Silver Lake,Lake,Minnesota,1,382.4,
4083548,Punished Womans Lake,Punished Womans Lake,shapefile,1257244,Punished Womans Lake,Lake,South Dakota,1,77.8,
2748280,Fox Lake,Fox Lake,shapefile,643859,Fox Lake,Lake,Minnesota,1,1461.9,
10596552,Freeborn Lake,Freeborn Lake,shapefile,643917,Freeborn Lake,Reservoir,Minnesota,1,180.1,
4083248,,Marsh Lake,gnis_inside,647556,Marsh Lake,Reservoir,Minnesota,1,5706.2,
4103107,Perkins Lake,Perkins Lake,shapefile,649620,Pomme de Terre Lakes,Lake,Minnesota,1,321.3,
4411912,Lake Aaron,Lake Aaron,shapefile,639180,Lake Aaron,Lake,Minnesota,1,198.8,
4413504,Lake Minnewaska,Lake Minnewaska,shapefile,647959,Lake Minnewaska,Lake,Minnesota,1,1870.2,
4413720,Lake Emily,Lake Emily,shapefile,643345,Lake Emily,Lake,Minnesota,1,819.5,
4110960,Lake Alice,Lake Alice,shapefile,1253614,Lake Alice,Lake,South Dakota,1,62.3,
4413004,Lake Oscar,Lake Oscar,shapefile,649018,Lake Oscar,Lake,Minnesota,1,425.5,
4413246,Lake Reno,Lake Reno,shapefile,649932,Lake Reno,Lake,Minnesota,1,551.9,
2384576,Lake Waconia,Lake Waconia,shapefile,653705,Lake Waconia,Lake,Minnesota,1,90.7,
4099849,Lake Christina,Lake Christina,shapefile,641197,Lake Christina,Lake,Minnesota,1,1264.8,
4415134,Lake Johanna,Lake Johanna,shapefile,645662,Lake Johanna,Lake,Minnesota,1,597.6,
2650216,Linwood Lake,Linwood Lake,shapefile,646730,Linwood Lake,Lake,Minnesota,1,100.7,
2625962,Park Lake,Park Lake,shapefile,649149,Park Lake,Lake,Minnesota,1,34.6,
1849589,Bardon Lake,Bardon Lake,shapefile,1561162,Whitefish Lake,Lake,Wisconsin,1,261.7,
2266515,Big Sand Lake,Big Sand Lake,shapefile,1561768,Big Sand Lake,Lake,Wisconsin,1,133.8,
2266571,Clam Lake,Clam Lake,shapefile,1563103,Clam Lake,Lake,Wisconsin,1,514.9,
1849955,Nelson Lake,Nelson Lake,shapefile,1570165,Nelson Lake,Reservoir,Wisconsin,1,2972.9,
2260969,Lower Eau Claire Lake,Lower Eau Claire Lake,shapefile,1568728,Lower Eau Claire Lake,Lake,Wisconsin,1,309.4,
2647106,Forest Lake,Forest Lake,shapefile,643805,Forest Lake,Lake,Minnesota,1,1043.1,
120053219,Lake Mallalieu 175,Lake Mallalieu 175,shapefile,650570,Lake Saint Croix,Lake,Minnesota,1,2161.8,
2646746,Chisago Lake,Chisago Lake,shapefile,652326,South Lindstrom Lake,Lake,Minnesota,1,2501.6,
2260997,Saint Croix Flowage 282,Saint Croix Flowage 282,shapefile,1572912,Saint Croix Flowage,Reservoir,Wisconsin,2,725.2,Saint Croix Flowage 282
2264087,Spooner Lake 20,Spooner Lake 20,shapefile,1574570,Spooner Lake,Lake,Wisconsin,1,787.0,
167114208,Knife Lake,Knife Lake,shapefile,646204,Knife Lake,Reservoir,Minnesota,1,344.8,
2264553,Shell Lake,Shell Lake,shapefile,1574006,Shell Lake,Lake,Wisconsin,1,158.1,
1855289,Middle McKenzie Lake,Middle McKenzie Lake,shapefile,1569428,Middle McKenzie Lake,Lake,Wisconsin,1,65.3,
1855411,McKenzie Lake,McKenzie Lake,shapefile,1569243,McKenzie Lake,Lake,Wisconsin,1,482.4,
2266211,Devils Lake,Devils Lake,shapefile,1563942,Devils Lake,Lake,Wisconsin,1,32.4,
2646558,Sunrise Lake,Sunrise Lake,shapefile,652842,Sunrise Lake,Lake,Minnesota,1,259.9,
2646854,Green Lake,Green Lake,shapefile,644411,Green Lake,Lake,Minnesota,1,313.5,
2645826,Rush Lake,Rush Lake,shapefile,650399,Rush Lake,Lake,Minnesota,1,881.1,
2647268,Big Marine Lake,Big Marine Lake,shapefile,640103,Big Marine Lake,Lake,Minnesota,1,929.9,
2644214,Big Round Lake,Big Round Lake,shapefile,1561766,Big Round Lake,Lake,Wisconsin,1,215.0,
2628516,Sturgeon Lake,Sturgeon Lake,shapefile,652750,Sturgeon Lake,Lake,Minnesota,1,209.3,
2643738,Spirit Lake,Spirit Lake,shapefile,1574556,Spirit Lake,Lake,Wisconsin,1,157.7,
2647328,Cedar Lake,Cedar Lake,shapefile,1581614,Cedar Lake,Lake,Wisconsin,1,245.8,
2260889,Upper Eau Claire Lake,Upper Eau Claire Lake,shapefile,1580695,Upper Eau Claire Lake,Lake,Wisconsin,4,135.1,Smith Lake; Shunenberg Lake; Devils Lake
2266141,Yellow Lake,Yellow Lake,shapefile,1577086,Yellow Lake,Lake,Wisconsin,2,71.0,Little Yellow Lake
2646860,Wapogasset Lake,Wapogasset Lake,shapefile,1576201,Wapogasset Lake,Reservoir,Wisconsin,2,175.8,Bear Trap Lake
2031719,Mazaska Lake,Mazaska Lake,shapefile,647647,Mazaska Lake,Lake,Minnesota,1,264.5,
2031725,Shields Lake,Shields Lake,shapefile,651980,Shields Lake,Lake,Minnesota,1,408.3,
2031777,French Lake,French Lake,shapefile,643936,French Lake,Lake,Minnesota,1,24.5,
2031943,German Lake,German Lake,shapefile,644095,German Lake,Lake,Minnesota,1,167.0,
2031945,,"Jefferson, Lake",gnis_inside,645615,Lake Jefferson,Lake,Minnesota,1,1205.2,
2031955,Cannon Lake,Cannon Lake,shapefile,640872,Cannon Lake,Lake,Minnesota,2,158.5,Wells Lake
2032055,Tetonka Lake,Tetonka Lake,shapefile,653103,Tetonka Lake,Reservoir,Minnesota,1,627.3,
13134705,Lake Arbutus,Lake Arbutus,shapefile,1560923,Lake Arbutus,Reservoir,Wisconsin,1,455.4,
2031773,Gorman Lake,Gorman Lake,shapefile,644279,Gorman Lake,Reservoir,Minnesota,1,100.6,
2031815,Roberds Lake,Roberds Lake,shapefile,650165,Roberds Lake,Lake,Minnesota,1,29.7,
2032351,Clear Lake,Clear Lake,shapefile,641298,Clear Lake,Reservoir,Minnesota,1,155.2,
2031749,Lake Dora,Lake Dora,shapefile,642889,Lake Dora,Lake,Minnesota,1,133.0,
1874843,Lake Pepin,Lake Pepin,shapefile,1571193,Lake Pepin,Lake,Wisconsin,1,999.1,
167578173,Lake Byllesby,Lake Byllesby,shapefile,640718,Lake Byllesby,Reservoir,Minnesota,1,468.0,
2032039,Sakatah Lake,Sakatah Lake,shapefile,647263,Lower Sakatah Lake,Lake,Minnesota,2,1057.4,Sakatah Lake
13343896,Little Trout Lake,Little Trout Lake,shapefile,1568449,Little Trout Lake,Lake,Wisconsin,1,54.1,
13343906,Trout Lake,Trout Lake,shapefile,1575673,Trout Lake,Lake,Wisconsin,1,1132.5,
13343976,Irving Lake,Irving Lake,shapefile,1566984,Irving Lake,Lake,Wisconsin,1,103.8,
13343982,Ballard Lake,Ballard Lake,shapefile,1561133,Ballard Lake,Lake,Wisconsin,1,224.2,
13344020,Ike Walton Lake,Ike Walton Lake,shapefile,1566855,Ike Walton Lake,Lake,Wisconsin,1,528.4,
13344186,White Sand Lake,White Sand Lake,shapefile,1576661,White Sand Lake,Lake,Wisconsin,1,984.0,
12988539,Buckskin Lake,Buckskin Lake,shapefile,1578877,Buckskin Lake,Lake,Wisconsin,1,90.8,
13346740,Crawling Stone Lake,Crawling Stone Lake,shapefile,1579062,Crawling Stone Lake,Lake,Wisconsin,1,73.9,
13345552,Lipp Lake,Lipp Lake,shapefile,1580667,Turtle-Flambeau Flowage,Reservoir,Wisconsin,2,3452.6,Flambeau Flowage 666
13345596,Trude Lake,Trude Lake,shapefile,1575692,Trude Lake,Lake,Wisconsin,1,345.6,
13085025,Lake Menomin,Lake Menomin,shapefile,1569341,Lake Menomin,Reservoir,Wisconsin,1,29.7,
12990815,Big Pine Lake,Big Pine Lake,shapefile,1578777,Big Pine Lake,Lake,Wisconsin,1,69.3,
13081151,Chetek Flowage 135,Chetek Flowage 135,shapefile,1571881,Prairie Lake,Lake,Wisconsin,6,1726.7,Pokegama Lake; The Narrows; Lake Chetek
13343536,Clear Lake,Clear Lake,shapefile,1563159,Clear Lake,Lake,Wisconsin,1,147.2,
13120940,Grindstone Lake,Grindstone Lake,shapefile,1565909,Grindstone Lake,Lake,Wisconsin,1,356.4,
13343568,Big Crooked Lake,Big Crooked Lake,shapefile,1578765,Big Crooked Lake,Lake,Wisconsin,1,84.3,
13121108,Sand Lake,Sand Lake,shapefile,1573689,Sand Lake,Lake,Wisconsin,1,14.1,
13102555,Chequamegon Waters 125 Reservoir,Chequamegon Waters 125 Reservoir,shapefile,1793169,Chequamegon Waters Flowage,Reservoir,Wisconsin,1,390.5,
13343626,Island Lake,Island Lake,shapefile,1567023,Island Lake,Lake,Wisconsin,1,541.1,
13343830,White Sand Lake,White Sand Lake,shapefile,1576660,White Sand Lake,Lake,Wisconsin,1,156.0,
13346614,Fence Lake,Fence Lake,shapefile,1564904,Fence Lake,Lake,Wisconsin,1,406.1,
13105755,Lake Wissota,Lake Wissota,shapefile,1576918,Lake Wissota,Reservoir,Wisconsin,2,857.1,Lake Wissota 5548
167120822,,Tainter Lake,gnis_inside,1575230,Tainter Lake,Reservoir,Wisconsin,1,2828.3,
12991467,Solberg Lake,Solberg Lake,shapefile,1580445,Solberg Lake,Reservoir,Wisconsin,1,477.1,
13343992,Lake Laura,Lake Laura,shapefile,1567879,Lake Laura,Lake,Wisconsin,1,59.3,
167800984,Moose Lake,Moose Lake,shapefile,1792033,Moose Lake 190,Reservoir,Wisconsin,1,2804.4,
167800983,Round Lake,Round Lake,shapefile,1572675,Round Lake,Lake,Wisconsin,1,558.9,
13118762,Lost Land Lake,Lost Land Lake,shapefile,1579770,Lost Land Lake,Lake,Wisconsin,2,358.5,Teal Lake
13120880,Moonshine Lake,Moonshine Lake,shapefile,1578998,Lake Chippewa,Reservoir,Wisconsin,12,800.0,Scott Lake; Crystal Lake; Rice Lake
13120978,Lac Courte Oreilles,Lac Courte Oreilles,shapefile,1567706,Lac Courte Oreilles,Lake,Wisconsin,1,2578.9,
13209682,Lake Winneshiek,Lake Winneshiek,shapefile,1563285,Columbus Lake,Lake,Wisconsin,2,1564.7,Lake Winneshiek
13393577,Big Arbor Vitae Lake,Big Arbor Vitae Lake,shapefile,1561675,Big Arbor Vitae Lake,Lake,Wisconsin,1,67.3,
13393595,Big Saint Germain Lake,Big Saint Germain Lake,shapefile,1561767,Big Saint Germain Lake,Lake,Wisconsin,1,93.1,
13393683,Little Arbor Vitae Lake,Little Arbor Vitae Lake,shapefile,1568167,Little Arbor Vitae Lake,Lake,Wisconsin,1,17.9,
13393787,,Squirrel Lake,gnis_inside,1580522,Squirrel Lake,Reservoir,Wisconsin,1,455.8,
13393923,Rainbow Flowage,Rainbow Flowage,shapefile,1572037,Rainbow Flowage,Reservoir,Wisconsin,1,649.2,
13393947,Sevenmile Lake,Sevenmile Lake,shapefile,1580382,Sevenmile Lake,Lake,Wisconsin,1,247.6,
13394077,,Tomahawk Lake,gnis_inside,1575499,Tomahawk Lake,Lake,Wisconsin,3,215.8,Mud Lake; Little Tomahawk Lake
13394099,Sand Lake,Sand Lake,shapefile,1573679,Sand Lake,Lake,Wisconsin,1,156.2,
13394157,Columbus Lake,Columbus Lake,shapefile,1563286,Columbus Lake,Lake,Wisconsin,1,90.1,
14707368,,,none,,,,,0,,
14731996,Lake Du Bay,Lake Du Bay,shapefile,1564133,Lake Du Bay,Reservoir,Wisconsin,2,1726.4,Lake Dubay 4890
13391717,,North Twin Lake,gnis_inside,1580039,North Twin Lake,Lake,Wisconsin,1,370.0,
167120863,Pelican Lake,Pelican Lake,shapefile,1571152,Pelican Lake,Lake,Wisconsin,1,84.6,
167120869,Big Sand Lake,Big Sand Lake,shapefile,1578779,Big Sand Lake,Lake,Wisconsin,1,518.6,
167120871,Willow Lake,Willow Lake,shapefile,1580794,Willow Lake,Lake,Wisconsin,1,352.2,
167120889,Petenwell Lake,Petenwell Lake,shapefile,1571254,Petenwell Lake,Reservoir,Wisconsin,1,3470.0,
167120892,,Castle Rock Lake,gnis_inside,1577900,Castle Rock Lake,Reservoir,Wisconsin,1,1870.7,
13394473,Willow Reservoir,Willow Reservoir,shapefile,1576796,Willow Reservoir,Reservoir,Wisconsin,1,1590.9,
13394529,Big Lake,Big Lake,shapefile,1578775,Big Lake,Lake,Wisconsin,1,262.4,
13396013,,Eagle Lake,gnis_inside,1579162,Eagle Lake,Lake,Wisconsin,2,321.4,Scattering Rice Lake
13631537,Lake Wisconsin,Lake Wisconsin,shapefile,1576915,Lake Wisconsin,Reservoir,Wisconsin,1,5541.1,
13395257,,Deer Lake,gnis_inside,1563839,Deer Lake,Lake,Wisconsin,3,1393.4,Bridge Lake; Lake Nokomis
13394361,Thunder Lake,Thunder Lake,shapefile,1575427,Thunder Lake,Lake,Wisconsin,1,146.8,
14730156,Lake Du Bay,Lake Du Bay,shapefile,1561713,Big Eau Pleine Reservoir,Reservoir,Wisconsin,1,3421.4,
13394453,Two Sisters Lake,Two Sisters Lake,shapefile,1577243,Two Sisters Lake,Lake,Wisconsin,1,631.8,
13391511,,Lac Vieux Desert,gnis_inside,1579612,Lac Vieux Desert,Lake,Wisconsin,2,1138.1,Lac Vieux Desert 21
13391771,Star Lake,Star Lake,shapefile,1574811,Star Lake,Lake,Wisconsin,1,1329.2,
13393897,Clear Lake,Clear Lake,shapefile,1563163,Clear Lake,Lake,Wisconsin,1,144.3,
6558643,Albert Lea Lake,Albert Lea Lake,shapefile,639248,Albert Lea Lake,Reservoir,Minnesota,1,301.1,
6565809,Clear Lake,Clear Lake,shapefile,455462,Clear Lake,Lake,Iowa,1,483.4,
7014901,Geneva Lake,Geneva Lake,shapefile,644068,Geneva Lake,Reservoir,Minnesota,1,144.6,
17539821,,,none,,,,,0,,
13290632,,Sinissippi Lake,gnis_inside,1574188,Sinissippi Lake,Reservoir,Wisconsin,1,205.6,
13290840,Pine Lake,Pine Lake,shapefile,1571503,Pine Lake,Lake,Wisconsin,1,76.4,
13290898,Oconomowoc Lake,Oconomowoc Lake,shapefile,1793609,Oconomowoc Lake 87,Reservoir,Wisconsin,1,455.1,
13282702,Rock Lake,Rock Lake,shapefile,1572454,Rock Lake,Lake,Wisconsin,1,177.3,
13281252,,Fox Lake,gnis_inside,1565223,Fox Lake,Reservoir,Wisconsin,2,346.2,Fox Lake 52
167120949,Lake Waubesa,Lake Waubesa,shapefile,1842729,Upper Mud Lake,Lake,Wisconsin,3,62.9,Lake Waubesa; Lake Monona
167120945,Lake Koshkonong,Lake Koshkonong,shapefile,1567632,Lake Koshkonong,Lake,Wisconsin,1,238.0,
167120968,Beaver Dam Lake,Beaver Dam Lake,shapefile,1561480,Beaver Dam Lake,Lake,Wisconsin,1,1205.0,
13294928,Lake Delavan 36,Lake Delavan 36,shapefile,1563874,Delavan Lake,Lake,Wisconsin,1,323.2,
13293262,Lake Mendota 254,Lake Mendota 254,shapefile,1569337,Lake Mendota,Lake,Wisconsin,1,1233.4,
13296360,Lake Kegonsa 410,Lake Kegonsa 410,shapefile,1567373,Lake Kegonsa,Lake,Wisconsin,1,195.5,
6590532,Bright Lake,Bright Lake,shapefile,640482,Bright Lake,Lake,Minnesota,1,150.6,
6580706,West Graham Lake,West Graham Lake,shapefile,653966,West Graham Lake,Lake,Minnesota,1,58.8,
6580726,,Heron Lake,gnis_inside,644906,Heron Lake,Lake,Minnesota,1,716.8,
6580736,South Heron Lake,South Heron Lake,shapefile,658369,South Heron Lake,Lake,Minnesota,1,603.4,
6586759,Swan Lake,Swan Lake,shapefile,462131,Swan Lake,Lake,Iowa,1,606.1,
6579638,Lake Sarah,Lake Sarah,shapefile,651212,Lake Sarah,Lake,Minnesota,1,171.2,
6606076,Storm Lake,Storm Lake,shapefile,462016,Storm Lake,Lake,Iowa,1,443.7,
6608534,Arrowhead Lake,Arrowhead Lake,shapefile,454657,Black Hawk Lake,Reservoir,Iowa,1,840.1,
167120992,Armstrong Slough,Armstrong Slough,shapefile,640272,Bloody Lake,Lake,Minnesota,3,1405.1,Lake Shetek; Fremont Lake
167120998,Okamanpeedan Lake,Okamanpeedan Lake,shapefile,464429,Okamanpeedan Lake,Lake,Iowa,2,1222.2,Okamanpeedan Lake
167121028,Roberts Creek,Roberts Creek,shapefile,460560,Lake Red Rock,Reservoir,Iowa,2,4583.1,Roberts Creek
6580624,Wildlife Impoundment,Wildlife Impoundment,shapefile,652986,Talcot Lake,Lake,Minnesota,2,127.9,Wildlife Impoundment
6586887,Silver Lake,Silver Lake,shapefile,461631,Silver Lake,Lake,Iowa,1,115.2,
937110111,Mark Twain Lake,Mark Twain Lake,shapefile,766204,Mark Twain Lake,Reservoir,Missouri,1,1898.3,
14767666,Little Muskego Lake 11.6,Little Muskego Lake 11.6,shapefile,1568329,Little Muskego Lake,Reservoir,Wisconsin,1,33.5,
14767798,Wind Lake 35,Wind Lake 35,shapefile,1576845,Wind Lake,Reservoir,Wisconsin,1,182.5,
14768018,Lake Geneva 36,Lake Geneva 36,shapefile,1565459,Lake Geneva,Lake,Wisconsin,1,1802.6,
14769712,Fox Lake,Fox Lake,shapefile,408627,Fox Lake,Lake,Illinois,7,611.9,Nippersink Lake; Petite Lake; Grass Lake
13435523,Cedar Lake,Cedar Lake,shapefile,432279,Cedar Lake,Lake,Indiana,1,129.5,
14767156,Pewaukee Lake 27.6,Pewaukee Lake 27.6,shapefile,1792297,Pewaukee Lake 27.6,Reservoir,Wisconsin,1,743.2,
13432809,Bass Lake,Bass Lake,shapefile,430561,Bass Lake,Lake,Indiana,1,543.5,
167157008,Elizabeth Lake,Elizabeth Lake,shapefile,407871,Elizabeth Lake,Lake,Wisconsin,2,94.5,Elizabeth Lake
3594316,Meredosia Lake,Meredosia Lake,shapefile,413423,Meredosia Lake,Lake,Illinois,1,240.3,
13551123,Lake Shinneman,Lake Shinneman,shapefile,403298,Lake Clinton,Reservoir,Illinois,1,3137.1,
13572047,Lake Decatur,Lake Decatur,shapefile,407046,Lake Decatur,Reservoir,Illinois,1,817.9,
167114801,Peoria Lake,Peoria Lake,shapefile,413048,Babb Slough,Lake,Illinois,18,894.5,Meadow Lake; Devess Slough; Sawyer Slough
13607132,Chain Lake,Chain Lake,shapefile,419022,Stafford Lake,Lake,Illinois,1,776.7,
13606830,Goose Lake,Goose Lake,shapefile,404419,Big Lake,Lake,Illinois,4,705.9,Goose Lake; Beebe Lake; The Narrows
13607208,Crane Lake,Crane Lake,shapefile,406743,Crane Lake,Lake,Illinois,1,315.3,
13564384,Lake Springfield,Lake Springfield,shapefile,419006,Lake Springfield,Reservoir,Illinois,1,795.5,
120052617,Mud Lake,Mud Lake,shapefile,416326,Quiver Lake,Lake,Illinois,3,566.7,Mud Lake; Lake Chautauqua
13785024,Kinkaid Lake,Kinkaid Lake,shapefile,411524,Kinkaid Lake,Reservoir,Illinois,1,2241.9,
13890148,Baldwin Power Plant Cooling Lake,Baldwin Power Plant Cooling Lake,shapefile,1691637,Baldwin Lake,Reservoir,Illinois,1,39.7,
167122265,Carlyle Reservoir,Carlyle Reservoir,shapefile,1736419,Sycamore Lake (historical),Lake,Illinois,15,284.9,Greene Lake (historical); Horseshoe Lake (historical); Walcott Lake (historical)
167156996,Rend Lake,Rend Lake,shapefile,416524,Rend Lake,Reservoir,Illinois,2,310.6,Mine Number 21 Reservoir
167156993,,Crab Orchard Lake,gnis_inside,406704,Crab Orchard Lake,Reservoir,Illinois,1,330.5,
7470660,Open Lake,Open Lake,shapefile,1296448,Open Lake,Lake,Tennessee,1,176.2,
7483614,,Glory Hole,gnis_inside,1311826,Glory Hole,Lake,Tennessee,2,1636.0,Buck Basin
7483636,,Reading House Slough,gnis_inside,1311842,Reading House Slough,Lake,Tennessee,4,2083.8,Starve Pond; Reelfoot Lake; Blue Basin
7483602,Upper Blue Basin,Upper Blue Basin,shapefile,1273289,Upper Blue Basin,Lake,Tennessee,1,410.1,
3673078,Wapanocca Lake,Wapanocca Lake,shapefile,75207,Wapanocca Lake,Lake,Arkansas,1,145.5,
3681830,Horseshoe Lake,Horseshoe Lake,shapefile,74912,Horseshoe Lake,Lake,Arkansas,1,1961.9,
14188891,Tunica Lake,Tunica Lake,shapefile,690133,Tunica Lake,Lake,Arkansas,1,5843.3,
14858543,Wolf Reservoir,Wolf Reservoir,shapefile,60069,Bull-Galloway Reservoir,Reservoir,Arkansas,1,178.1,
14188547,Midway Lake,Midway Lake,shapefile,668859,Midway Lake,Lake,Mississippi,1,2172.9,
14852737,,Peckerwood Lake,gnis_inside,75818,Peckerwood Lake,Reservoir,Arkansas,2,1203.4,Hartz Reservoir
167166315,,"Wappapello, Lake",gnis_inside,728338,Lake Wappapello,Reservoir,Missouri,1,8240.7,
18046138,,,none,,,,,0,,
167166404,Enid Lake,Enid Lake,shapefile,691643,Enid Lake,Reservoir,Mississippi,1,3995.0,
167182315,Gassoway Lake,Gassoway Lake,shapefile,554516,Gassoway Lake,Lake,Louisiana,1,263.9,
167182317,,Sardis Lake,gnis_inside,694715,Sardis Lake,Reservoir,Mississippi,1,3071.4,
15252778,Arkabutla Lake,Arkabutla Lake,shapefile,690215,Arkabutla Lake,Reservoir,Mississippi,1,2917.8,
18014672,,Grenada Lake,gnis_inside,693366,Grenada Lake,Reservoir,Mississippi,1,3061.8,
15257892,Moon Lake,Moon Lake,shapefile,673765,Moon Lake,Lake,Mississippi,1,1874.6,
17931796,Lake Washington,Lake Washington,shapefile,679361,Lake Washington,Lake,Mississippi,1,827.3,
18055988,Lake Paradise,Lake Paradise,shapefile,675441,Lake Paradise,Lake,Arkansas,1,206.3,
167679197,,Eagle Lake,gnis_inside,554311,Eagle Lake,Lake,Louisiana,1,817.3,
21815150,,"Georgia-Pacific, Lake",gnis_inside,80899,Lake Georgia-Pacific,Reservoir,Arkansas,1,110.9,
21919051,Lake Winona,Lake Winona,shapefile,75896,Lake Winona,Reservoir,Arkansas,1,489.1,
22000120,De Gray Lake,De Gray Lake,shapefile,74784,De Gray Lake,Reservoir,Arkansas,1,1152.0,
22697680,,"Greeson Nursery Pond, Lake",gnis_inside,81018,Lake Greeson Nursery Pond,Reservoir,Arkansas,2,5081.3,Lake Greeson
15222888,Bayou D'Arbonne Lake,Bayou D'Arbonne Lake,shapefile,553446,Bayou D'Arbonne Lake,Reservoir,Louisiana,1,4596.7,
15231972,,"Ouachita, Lake",gnis_inside,75813,Lake Ouachita,Reservoir,Arkansas,1,6079.0,
19382297,Caney Creek Reservoir,Caney Creek Reservoir,shapefile,556606,Caney Creek Reservoir,Reservoir,Louisiana,1,1615.1,
19405648,,Larto Lake,gnis_inside,554998,Larto Lake,Lake,Louisiana,3,991.6,Shad Lake; Fisher Lake
167182354,,"Claiborne, Lake",gnis_inside,553994,Lake Claiborne,Reservoir,Louisiana,1,700.1,
167182379,Catahoula Lake,Catahoula Lake,shapefile,553925,Catahoula Lake,Lake,Louisiana,1,2216.5,
19301657,Grand Lake,Grand Lake,shapefile,75721,Grand Lake,Lake,Arkansas,1,301.8,
19266986,Yucatan Lake,Yucatan Lake,shapefile,556489,Yucatan Lake,Lake,Louisiana,2,838.8,Yucatan Lake
18714340,False River,False River,shapefile,556712,False River,Reservoir,Louisiana,2,3355.6,False River
19085027,Monday Lake,Monday Lake,shapefile,555349,Monday Lake,Lake,Louisiana,1,1257.6,
15205265,Lake Maurepas,Lake Maurepas,shapefile,1627626,Lake Maurepas,Lake,Louisiana,1,595.5,
15112679,,,none,,,,,0,,
3709224,,"Charles, Lake",gnis_inside,553954,Lake Charles,Lake,Louisiana,2,3056.9,Prien Lake
3710620,Willow Lake,Willow Lake,shapefile,556432,Willow Lake,Lake,Louisiana,1,331.3,
3710644,,,none,,,,,0,,
3710692,Sweet Lake,Sweet Lake,shapefile,,,,,0,,
3710964,Mud Lake,Mud Lake,shapefile,,,,,0,,
21904275,Fearman Lake,Fearman Lake,shapefile,,,,,0,,
3709440,Moss Lake,Moss Lake,shapefile,555380,Moss Lake,Lake,Louisiana,1,1064.1,
15078462,Bundick Lake,Bundick Lake,shapefile,553832,Bundick Lake,Reservoir,Louisiana,1,258.5,
15097213,Collicon Lake,Collicon Lake,shapefile,554049,Collicon Lake,Lake,Louisiana,2,412.9,Blackfish Bay
15097619,White Lake,White Lake,shapefile,556406,White Lake,Lake,Louisiana,4,353.0,Bear Lake; Grande Volle Lake; Alligator Lake
15097735,Little Pecan Lake,Little Pecan Lake,shapefile,,,,,0,,
15098763,Deep Lake,Deep Lake,shapefile,554206,Deep Lake,Lake,Louisiana,1,346.2,
15108649,,Grand Lake,gnis_inside,554582,Grand Lake,Lake,Louisiana,6,1585.9,Mermentau Lake; Little Catfish Lake; Mallard Bay
15108665,,The Narrows,gnis_inside,539853,The Narrows,Lake,Louisiana,3,1608.1,Lake Misere; Little Lake Misere
15143582,Kincaid Reservoir,Kincaid Reservoir,shapefile,554931,Kincaid Reservoir,Reservoir,Louisiana,1,1534.7,
21899931,,"Tom, Lake",gnis_inside,556255,Lake Tom,Lake,Louisiana,2,850.6,Lake Michael
15181865,,Mecom Cut,gnis_inside,1627635,Mecom Cut,Lake,Louisiana,7,8171.7,Boutte Cove; Blue Point Cove; Sixmile Lake
21902577,Oyster Lake,Oyster Lake,shapefile,555579,Oyster Lake,Lake,Louisiana,1,65.3,
15097567,Alligator Lake,Alligator Lake,shapefile,553289,Alligator Lake,Lake,Louisiana,1,35.4,
21897063,,Spanish Lake,gnis_inside,1628273,Spanish Lake,Lake,Louisiana,1,129.3,
15108657,,Latania Lake,gnis_inside,554999,Latania Lake,Lake,Louisiana,2,684.9,Mud Lake
167182459,Black Lake,Black Lake,shapefile,553692,Black Lake,Lake,Louisiana,1,682.2,
167182458,Mud Lake,Mud Lake,shapefile,555433,Mud Lake,Lake,Louisiana,1,12901.0,
21899251,Lake Peigneur,Lake Peigneur,shapefile,555614,Lake Peigneur,Lake,Louisiana,1,60.1,
15095181,Lake Arthur,Lake Arthur,shapefile,559623,Lake Arthur,Lake,Louisiana,1,955.5,
21900073,Lake Sand,Lake Sand,shapefile,555969,Lake Sand,Lake,Louisiana,1,33.0,
167741446,Dauterive Lake,Dauterive Lake,shapefile,560586,Dauterive Lake,Lake,Louisiana,3,6584.0,Bird Island Chute; Lake Fausse Pointe
11061637,Grassy Lake,Grassy Lake,shapefile,560893,Grassy Lake,Lake,Louisiana,1,301.9,
11065713,,,none,,,,,0,,
167166635,,"Pontchartrain, Lake",gnis_inside,1627974,Lake Pontchartrain,Lake,Louisiana,3,4539.5,Irish Bayou Lagoon; Little Lagoon
11078529,Catfish Lake,Catfish Lake,shapefile,553928,Catfish Lake,Lake,Louisiana,1,131.2,
11078507,,"Boudreaux, Lake",gnis_inside,553761,Lake Boudreaux,Lake,Louisiana,2,3227.0,Lake Quitman
22361257,Round Lake,Round Lake,shapefile,555843,Round Lake,Lake,Louisiana,1,320.4,
11069773,King Lake,King Lake,shapefile,554934,King Lake,Lake,Louisiana,1,1007.7,
11078605,,"Mechant, Lake",gnis_inside,558267,Lake Mechant,Lake,Louisiana,4,1722.2,Lake Washa; Raccourci Bay; Mud Lake
11079171,,Hackberry Lake,gnis_inside,554637,Hackberry Lake,Lake,Louisiana,3,1374.0,Dog Lake; Caillou Lake
22362931,,Dufrene Ponds,gnis_inside,554293,Dufrene Ponds,Lake,Louisiana,2,307.0,Petit Lac Des Allemands
22765252,,,none,,,,,0,,
22765290,,Bobs Lakes,gnis_near,560232,Bobs Lakes,Lake,Louisiana,1,132.6,
22384501,Brusle Lake,Brusle Lake,shapefile,553815,Brusle Lake,Lake,Louisiana,1,218.5,
22766702,,Sun Bayou,gnis_inside,539722,Sun Bayou,Lake,Louisiana,6,609.4,Grand Lake; Sun Lagoon; Alligator Pass
22770372,,"Eugenie, Lake",gnis_inside,560716,Lake Eugenie,Lake,Louisiana,3,3259.8,Lake of the Mound; Flat Bay
22770394,,"Ameda, Lake",gnis_inside,559771,Lake Ameda,Lake,Louisiana,2,566.8,Redfish Bayou
22770400,,Deep Pass,gnis_inside,560611,Deep Pass,Lake,Louisiana,8,1486.7,Halfmoon Lake; Lake Eloi; Joe Shiman Pass
22770446,,"Cuatro Caballo, Lake",gnis_inside,534299,Lake Cuatro Caballo,Lake,Louisiana,14,336.0,Round Lake; Sister Bayou; Bay Shallow
22761388,,Lakes of Bayou Marron,gnis_near,560025,Lakes of Bayou Marron,Lake,Louisiana,1,156.5,
22760924,Blind Lagoon,Blind Lagoon,shapefile,,,,,0,,
167679640,,"Washa, Lake",gnis_near,556365,Lake Washa,Lake,Louisiana,1,162.0,
11064981,,,none,,,,,0,,
11062355,Lake Gascha,Lake Gascha,shapefile,,,,,0,,
22362761,Lac des Allemands,Lac des Allemands,shapefile,1627417,Lac des Allemands,Lake,Louisiana,1,1407.5,
11061197,Lake Verret,Lake Verret,shapefile,556327,Lake Verret,Lake,Louisiana,1,777.9,
11065719,Lake Theriot,Lake Theriot,shapefile,556230,Lake Theriot,Lake,Louisiana,1,142.6,
22363055,The Pen,The Pen,shapefile,556228,The Pen,Lake,Louisiana,1,249.4,
11066333,Lake De Cade,Lake De Cade,shapefile,,,,,0,,
22770396,Lake Lery,Lake Lery,shapefile,1627475,Lake Lery,Lake,Louisiana,1,313.7,
11057287,Lake Fields,Lake Fields,shapefile,554400,Lake Fields,Lake,Louisiana,1,230.8,
11078555,Lake Tambour,Lake Tambour,shapefile,556197,Lake Tambour,Lake,Louisiana,1,819.6,
22766476,Lake Athanasio,Lake Athanasio,shapefile,559802,Lake Athanasio,Lake,Louisiana,1,898.1,
11061717,Lake Palourde,Lake Palourde,shapefile,1627862,Lake Palourde,Lake,Louisiana,1,339.8,
11065909,Lake Penchant,Lake Penchant,shapefile,,,,,0,,
22392711,Lake Palourde,Lake Palourde,shapefile,555590,Lake Palourde,Lake,Louisiana,1,556.0,
22362373,Lake Laurier,Lake Laurier,shapefile,555003,Lake Laurier,Lake,Louisiana,1,2290.6,
22762804,Lake Saint Catherine,Lake Saint Catherine,shapefile,558306,Lake Saint Catherine,Lake,Louisiana,1,1597.0,
167578949,,Lakes of Bayou Marron,gnis_near,560025,Lakes of Bayou Marron,Lake,Louisiana,1,7.4,
167806606,,Little Lake,gnis_inside,558257,Little Lake,Lake,Louisiana,2,7340.3,Bay Dosgris
22798811,,"Salvador, Lake",gnis_inside,1628164,Lake Salvador,Lake,Louisiana,3,4322.8,Baie du Cabanage; Lake Cataouatche
15711667,Little Lake,Little Lake,shapefile,1627792,North Pass,Lake,Louisiana,2,648.8,Little Lake
166759387,Cypress Lake,Cypress Lake,shapefile,669064,Cypress Lake,Lake,Mississippi,13,3442.1,Big Lake; Round Lake; Galloway Pocket
22094367,Guernsey Reservoir,Guernsey Reservoir,shapefile,1609200,Guernsey Reservoir,Reservoir,Wyoming,1,1230.7,
17484065,Post Lake,Post Lake,shapefile,1608832,Wheatland Reservoir Number 3,Reservoir,Wyoming,2,442.1,Post Lake
120053749,,,none,,,,,0,,
17510964,Island Lake,Island Lake,shapefile,830311,Island Lake,Lake,Nebraska,1,353.4,
17510986,Crescent Lake,Crescent Lake,shapefile,828454,Crescent Lake,Reservoir,Nebraska,1,125.5,
17510316,Schoonover Lake,Schoonover Lake,shapefile,833300,Schoonover Lake,Lake,Nebraska,1,74.7,
17508452,Lake Alice,Lake Alice,shapefile,826944,Lake Alice,Reservoir,Nebraska,1,141.7,
17508468,Lake Minatare,Lake Minatare,shapefile,831339,Lake Minatare,Reservoir,Nebraska,1,336.2,
17475389,Hawk Springs Reservoir,Hawk Springs Reservoir,shapefile,1608824,Hawk Springs Reservoir,Reservoir,Wyoming,2,174.7,Hawk Springs Reservoir
22103649,Alcova Reservoir,Alcova Reservoir,shapefile,1584734,Alcova Reservoir,Reservoir,Wyoming,1,1576.0,
15975492,Pathfinder Reservoir,Pathfinder Reservoir,shapefile,1596879,Pathfinder Reservoir,Reservoir,Wyoming,1,6343.4,
17484061,Wheatland Reservoir Number 2,Wheatland Reservoir Number 2,shapefile,1597069,Wheatland Reservoir Number Two,Reservoir,Wyoming,2,1480.3,Wheatland Reservoir Number 2
17494529,Lake Hattie,Lake Hattie,shapefile,1600802,Lake Hattie Reservoir,Reservoir,Wyoming,2,304.8,Lake Hattie
167245982,,Glendo Reservoir,gnis_inside,1596825,Glendo Reservoir,Reservoir,Wyoming,1,4634.5,
167245973,,,none,,,,,0,,
167245825,Seminoe Reservoir,Seminoe Reservoir,shapefile,1596899,Seminoe Reservoir,Reservoir,Wyoming,2,1653.5,Kortes Reservoir
167794979,,"McConaughy, Lake",gnis_inside,831115,Lake McConaughy,Reservoir,Nebraska,1,543.3,
136893587,Grayrocks Reservoir,Grayrocks Reservoir,shapefile,1608415,Grayrocks Reservoir,Reservoir,Wyoming,1,1479.1,
11646,,Boyd Lake,gnis_inside,177738,Boyd Lake,Reservoir,Colorado,1,484.3,
11682,Lake Loveland,Lake Loveland,shapefile,177713,Lake Loveland,Reservoir,Colorado,1,99.2,
228919,Barr Lake,Barr Lake,shapefile,203031,Barr Lake,Reservoir,Colorado,1,417.7,
17432752,Lake Maloney,Lake Maloney,shapefile,831017,Lake Maloney,Reservoir,Nebraska,1,420.9,
167246043,Fossil Creek Reservoir,Fossil Creek Reservoir,shapefile,202498,Fossil Creek Reservoir,Reservoir,Colorado,2,671.6,Swede Lake
224311,,Riverside Reservoir,gnis_inside,202748,Riverside Reservoir,Reservoir,Colorado,1,952.8,
2888202,Union Reservoir,Union Reservoir,shapefile,178360,Calkins Lake,Reservoir,Colorado,1,217.5,
2888348,Boulder Reservoir,Boulder Reservoir,shapefile,178708,Boulder Reservoir,Reservoir,Colorado,1,135.0,
224361,Lower Latham Reservoir,Lower Latham Reservoir,shapefile,180728,Lower Latham Reservoir,Reservoir,Colorado,1,94.2,
224443,Empire Reservoir,Empire Reservoir,shapefile,202749,Empire Reservoir,Reservoir,Colorado,1,455.1,
229217,,Cherry Creek Lake,gnis_inside,203038,Cherry Creek Lake,Reservoir,Colorado,1,235.8,
3559986,Prewitt Reservoir,Prewitt Reservoir,shapefile,202915,Prewitt Reservoir,Reservoir,Colorado,1,278.6,
2901411,Timnath Reservoir,Timnath Reservoir,shapefile,180511,Timnath Reservoir,Reservoir,Colorado,1,235.3,
2901431,,Windsor Reservoir,gnis_inside,202710,Windsor Reservoir,Reservoir,Colorado,1,392.3,
5241028,Elevenmile Canyon Reservoir,Elevenmile Canyon Reservoir,shapefile,203527,Elevenmile Canyon Reservoir,Reservoir,Colorado,1,684.4,
2901253,Cobb Lake,Cobb Lake,shapefile,180468,Cobb Lake,Reservoir,Colorado,1,49.4,
228235,Standley Lake,Standley Lake,shapefile,202833,Standley Lake,Reservoir,Colorado,1,66.1,
3556390,Julesburg Reservoir,Julesburg Reservoir,shapefile,182683,Julesburg Reservoir,Reservoir,Colorado,1,179.6,
3554474,North Sterling Reservoir,North Sterling Reservoir,shapefile,171137,North Sterling Reservoir,Reservoir,Colorado,1,869.3,
11816,Carter Lake Reservoir,Carter Lake Reservoir,shapefile,178047,Carter Lake Reservoir,Reservoir,Colorado,1,222.3,
224233,Jackson Reservoir,Jackson Reservoir,shapefile,202740,Jackson Reservoir,Reservoir,Colorado,2,316.5,Jackson Lake
224573,Milton Reservoir,Milton Reservoir,shapefile,180802,Milton Reservoir,Reservoir,Colorado,2,179.9,Milton Lake Reservoir
187905,Marston Lake,Marston Lake,shapefile,202873,Marston Lake,Reservoir,Colorado,1,69.2,
17430960,Sutherland Reservoir,Sutherland Reservoir,shapefile,1768769,Sutherland Reservoir,Reservoir,Nebraska,1,265.9,
127819344,Spinney Mountain Reservoir,Spinney Mountain Reservoir,shapefile,197566,Spinney Mountain Reservoir,Reservoir,Colorado,1,196.0,
17422436,,"Babcock, Lake",gnis_inside,827135,Lake Babcock,Reservoir,Nebraska,1,209.5,
167247026,Johnson Reservoir,Johnson Reservoir,shapefile,830391,Johnson Lake,Reservoir,Nebraska,1,189.8,
17373390,Sherman Reservoir,Sherman Reservoir,shapefile,834983,Sherman Reservoir,Reservoir,Nebraska,1,197.7,
17392990,Mother Lake,Mother Lake,shapefile,831443,Mother Lake,Lake,Nebraska,1,145.2,
154576245,Calamus Reservoir,Calamus Reservoir,shapefile,837299,Calamus Reservoir,Reservoir,Nebraska,2,907.0,Scherzberg Bayou
17283437,Dora Lake,Dora Lake,shapefile,828758,Dora Lake,Lake,Nebraska,1,222.8,
14618590,Okabena Lake,Okabena Lake,shapefile,648911,Okabena Lake,Reservoir,Minnesota,1,169.4,
14618604,,,none,,,,,0,,
14619450,Silver Lake,Silver Lake,shapefile,461634,Silver Lake,Reservoir,Iowa,1,416.2,
14618616,Round Lake,Round Lake,shapefile,650318,Round Lake,Lake,Minnesota,1,91.1,
14619172,Lost Island Lake,Lost Island Lake,shapefile,458630,Lost Island Lake,Lake,Iowa,1,60.6,
167266434,Spirit Lake,Spirit Lake,shapefile,461850,Spirit Lake,Lake,Iowa,1,483.5,
14618626,Loon Lake,Loon Lake,shapefile,647163,Loon Lake,Lake,Minnesota,1,289.3,
14619466,Upper Gar Lake,Upper Gar Lake,shapefile,456182,East Okoboji Lake,Lake,Iowa,5,1951.2,Upper Gar Lake; Minnewashta Lake; West Okoboji Lake
2529647,Trimble Wildlife Lake,Trimble Wildlife Lake,shapefile,761128,Number 161 Reservoir,Reservoir,Missouri,4,3204.7,Shady Hollow Lakes (historical); Trimble Wildlife Lake; Miller Lake
19040443,Harlan County Lake,Harlan County Lake,shapefile,471770,Harlan County Lake,Reservoir,Nebraska,1,2190.4,
19080361,Enders Reservoir,Enders Reservoir,shapefile,829129,Enders Reservoir,Reservoir,Nebraska,1,1666.0,
19091673,Swanson Lake,Swanson Lake,shapefile,833982,Swanson Lake,Reservoir,Nebraska,1,123.2,
19016317,Lovewell Reservoir,Lovewell Reservoir,shapefile,471872,Lovewell Reservoir,Reservoir,Kansas,1,358.3,
167800866,,Milford Lake,gnis_inside,476180,Milford Lake,Reservoir,Kansas,1,7077.9,
7330556,Wilson Lake,Wilson Lake,shapefile,472533,Wilson Lake,Reservoir,Kansas,1,3688.0,
5943595,,,none,,,,,0,,
18950909,Cedar Bluff Reservoir,Cedar Bluff Reservoir,shapefile,475263,Cedar Bluff Reservoir,Reservoir,Kansas,1,706.8,
120052972,Waconda Lake,Waconda Lake,shapefile,479836,Waconda Lake,Reservoir,Kansas,1,3619.9,
7344817,Kirwin Reservoir,Kirwin Reservoir,shapefile,472040,Kirwin Reservoir,Reservoir,Kansas,1,1272.7,
167266519,,Kanopolis Lake,gnis_inside,475470,Kanopolis Lake,Reservoir,Kansas,1,1178.1,
746373,Perry Lake,Perry Lake,shapefile,478491,Perry Lake,Reservoir,Kansas,1,2621.4,
3730511,Clinton Lake,Clinton Lake,shapefile,479837,Clinton Lake,Reservoir,Kansas,1,3848.8,
2277833,Tuttle Creek Lake,Tuttle Creek Lake,shapefile,,,,,0,,
18880944,Tuttle Creek Lake,Tuttle Creek Lake,shapefile,472898,Tuttle Creek Lake,Reservoir,Kansas,1,4425.8,
120053324,Rathbun Lake,Rathbun Lake,shapefile,460534,Rathbun Lake,Reservoir,Iowa,1,6164.3,
5967404,Silver Lake Pool,Silver Lake Pool,shapefile,726453,Silver Lake,Reservoir,Missouri,1,460.7,
4460822,Long Branch Lake,Long Branch Lake,shapefile,721533,Long Branch Lake,Reservoir,Missouri,1,1156.6,
2995458,La Cygnes Lake,La Cygnes Lake,shapefile,477643,La Cygne Lake,Reservoir,Kansas,1,941.4,
7387259,Pomme de Terre Lake,Pomme de Terre Lake,shapefile,724726,Pomme de Terre Lake,Reservoir,Missouri,1,4308.7,
10114004,Pomona Lake,Pomona Lake,shapefile,479312,Pomona Lake,Reservoir,Kansas,1,1854.6,
2992128,,Hillsdale Lake,gnis_inside,485186,Hillsdale Lake,Reservoir,Kansas,1,2733.5,
167267899,,Stockton Lake,gnis_inside,758345,Stockton Lake,Reservoir,Missouri,1,14623.7,
167267897,,"of the Ozarks, Lake",gnis_inside,729600,Lake of the Ozarks,Reservoir,Missouri,5,912.1,Goose Lake (historical); Benson Lake; Osceola Lake (historical)
167267891,Melvern Lake,Melvern Lake,shapefile,479604,Melvern Lake,Reservoir,Kansas,1,4186.6,
9304918,Duck Lake,Duck Lake,shapefile,770878,Duck Lake,Lake,Montana,1,323.7,
9304958,Lower Saint Mary Lake,Lower Saint Mary Lake,shapefile,773739,Lower Saint Mary Lake,Lake,Montana,1,992.8,
9305060,,Saint Mary Lake,gnis_inside,776122,Saint Mary Lake,Lake,Montana,1,1960.2,
12654491,,Upper Waterton Lake,gnis_inside,778140,Upper Waterton Lake,Lake,Montana,1,192.7,
4171142,Upper Red Rock Lake,Upper Red Rock Lake,shapefile,792646,Upper Red Rock Lake,Lake,Montana,1,566.9,
4167440,Clark Canyon Reservoir,Clark Canyon Reservoir,shapefile,769893,Clark Canyon Reservoir,Reservoir,Montana,1,209.2,
3056866,Hebgen Lake,Hebgen Lake,shapefile,784702,Hebgen Lake,Reservoir,Montana,1,3375.4,
3053788,Ennis Lake,Ennis Lake,shapefile,771231,Ennis Lake,Lake,Montana,1,130.1,
12642095,Lake Elwell,Lake Elwell,shapefile,777636,Lake Elwell,Reservoir,Montana,1,1571.8,
3022158,Upper Holter Lake,Upper Holter Lake,shapefile,801640,Upper Holter Lake,Lake,Montana,1,693.4,
3022162,Hauser Lake,Hauser Lake,shapefile,800914,Hauser Lake,Reservoir,Montana,1,3067.3,
12537688,Four Horns Lake,Four Horns Lake,shapefile,796249,Four Horns Lake,Reservoir,Montana,1,161.7,
12394516,Pishkun Reservoir,Pishkun Reservoir,shapefile,788960,Pishkun Reservoir,Reservoir,Montana,1,530.1,
12394530,Freezeout Lake,Freezeout Lake,shapefile,771624,Freezeout Lake,Lake,Montana,1,508.5,
12394688,Willow Creek Reservoir,Willow Creek Reservoir,shapefile,801708,Willow Creek Reservoir,Reservoir,Montana,1,375.7,
3022168,Lake Helena,Lake Helena,shapefile,800925,Lake Helena,Reservoir,Montana,1,256.9,
167204871,Canyon Ferry Lake,Canyon Ferry Lake,shapefile,800551,Canyon Ferry Lake,Reservoir,Montana,1,7778.5,
12641259,Lake Frances,Lake Frances,shapefile,771599,Lake Frances,Reservoir,Montana,1,175.1,
12617516,Martinsdale Reservoir,Martinsdale Reservoir,shapefile,773908,Martinsdale Reservoir,Reservoir,Montana,1,83.2,
12619462,Deadmans Basin Reservoir,Deadmans Basin Reservoir,shapefile,770532,Deadmans Basin Reservoir,Reservoir,Montana,1,281.4,
12729527,War Horse Lake,War Horse Lake,shapefile,778101,War Horse Lake,Reservoir,Montana,1,392.6,
12729425,Wild Horse Lake,Wild Horse Lake,shapefile,778472,Wild Horse Lake,Lake,Montana,1,554.5,
167204901,Lake Fort Peck,Lake Fort Peck,shapefile,771516,Fort Peck Lake,Reservoir,Montana,1,35227.5,
12295714,,"Bowdoin, Lake",gnis_inside,769135,Lake Bowdoin,Lake,Montana,2,1350.5,Drumbo Unit
167204918,Fresno Reservoir,Fresno Reservoir,shapefile,,,,,0,,
167204935,Nelson Reservoir,Nelson Reservoir,shapefile,806277,Mud Lake (historical),Lake,Montana,3,3807.2,Nelson Reservoir; Lone Tree Lake (historical)
4306457,Miller Lake,Miller Lake,shapefile,1033955,Miller Lake,Lake,North Dakota,1,131.0,
3101661,Medicine Lake,Medicine Lake,shapefile,774078,Medicine Lake,Reservoir,Montana,1,953.2,
167204955,,,none,,,,,0,,
167204959,Yellowstone Lake,Yellowstone Lake,shapefile,1609324,Yellowstone Lake,Lake,Wyoming,1,13151.6,
12812445,Enlargement Upper Sunshine Reservoir,Enlargement Upper Sunshine Reservoir,shapefile,1603454,Sunshine Reservoir,Reservoir,Wyoming,1,384.3,
12869789,Pilot Butte Reservoir,Pilot Butte Reservoir,shapefile,1592754,Pilot Butte Reservoir,Reservoir,Wyoming,1,154.7,
12869793,Ocean Lake,Ocean Lake,shapefile,1592355,Ocean Lake,Lake,Wyoming,1,146.7,
12898716,Ocean Lake Habitat Reservoir Number 5,Ocean Lake Habitat Reservoir Number 5,shapefile,1586105,Bull Lake,Reservoir,Wyoming,1,893.7,
12881050,Shoshone Lake,Shoshone Lake,shapefile,1594289,Shoshone Lake,Lake,Wyoming,1,240.2,
167204999,Buffalo Bill Reservoir,Buffalo Bill Reservoir,shapefile,1604367,Buffalo Bill Reservoir,Reservoir,Wyoming,1,2937.1,
167204997,,Bighorn Lake,gnis_inside,793611,Bighorn Lake,Reservoir,Wyoming,2,20448.5,Bighorn Lake
12890503,Ray Lake,Ray Lake,shapefile,1608227,Ray Reservoir,Reservoir,Wyoming,2,11.7,Ray Lake
12869679,Boysen Reservoir,Boysen Reservoir,shapefile,1585867,Boysen Reservoir,Reservoir,Wyoming,1,3663.9,
940090008,Lake De Smet,Lake De Smet,shapefile,1587390,Lake De Smet,Lake,Wyoming,2,480.3,Lake Desmet
21532130,White Lake,White Lake,shapefile,1032783,White Lake,Lake,North Dakota,1,926.8,
21528660,Powers Lake,Powers Lake,shapefile,1030793,Powers Lake,Lake,North Dakota,1,3389.7,
21531988,,,none,,,,,0,,
21532040,Cottonwood Lake,Cottonwood Lake,shapefile,1028470,Cottonwood Lake,Lake,North Dakota,1,902.5,
21541960,Lake Sakakawea,Lake Sakakawea,shapefile,1027761,Audubon Lake,Reservoir,North Dakota,1,5010.3,
21543470,Lake Sakakawea,Lake Sakakawea,shapefile,1033989,Lake Sakakawea,Reservoir,North Dakota,1,5515.8,
5451158,Belle Fourche Reservoir,Belle Fourche Reservoir,shapefile,1253838,Belle Fourche Reservoir,Reservoir,South Dakota,1,405.5,
9554371,Angostura Reservoir,Angostura Reservoir,shapefile,1261191,Angostura Reservoir,Reservoir,South Dakota,1,1115.9,
14665785,Beaver Lake,Beaver Lake,shapefile,1027863,Beaver Lake,Lake,North Dakota,1,110.6,
14665953,,,none,,,,,0,,
14680742,Kunkel Lake,Kunkel Lake,shapefile,1029782,Kunkel Lake,Lake,North Dakota,1,182.7,
14517861,Turtle Lake,Turtle Lake,shapefile,1032551,Turtle Lake,Lake,North Dakota,1,402.2,
14681338,,Long Lake,gnis_inside,1029994,Long Lake,Reservoir,North Dakota,1,4138.4,
14684284,,,none,,,,,0,,
14680588,Horsehead Lake,Horsehead Lake,shapefile,1029541,Horsehead Lake,Lake,North Dakota,1,357.5,
14685116,,,none,,,,,0,,
14682834,Salt Alkaline Lake,Salt Alkaline Lake,shapefile,1031327,Salt Alkaline Lake,Lake,North Dakota,1,476.8,
120053540,Goose Lake,Goose Lake,shapefile,1029177,Goose Lake,Lake,North Dakota,1,359.4,
14483612,Rice Lake,Rice Lake,shapefile,1030893,Rice Lake,Lake,North Dakota,1,67.4,
14746140,Kislingburg Lake,Kislingburg Lake,shapefile,1034179,Kislingbury Lake,Lake,North Dakota,1,578.3,
19244031,Swan Lake,Swan Lake,shapefile,1258465,Swan Lake,Lake,South Dakota,1,440.8,
14745528,Miller Lake,Miller Lake,shapefile,1034170,Miller Lake,Lake,North Dakota,1,442.4,
14680194,Des Moines Lake,Des Moines Lake,shapefile,,,,,0,,
14684088,Alkaline Lake,Alkaline Lake,shapefile,1027681,Alkaline Lake,Lake,North Dakota,1,287.0,
14751784,Stone Lake,Stone Lake,shapefile,1258367,Stone Lake,Lake,South Dakota,1,433.8,
14678264,Twin Lakes,Twin Lakes,shapefile,1032576,Twin Lakes,Lake,North Dakota,1,50.1,
14678348,Harriet Lake,Harriet Lake,shapefile,1029323,Harriet Lake,Lake,North Dakota,1,212.8,
14680636,Cherry Lake,Cherry Lake,shapefile,1028353,Cherry Lake,Lake,North Dakota,1,119.1,
21861936,Shadehill Reservoir,Shadehill Reservoir,shapefile,1261165,Shadehill Reservoir,Reservoir,South Dakota,1,1059.8,
16237597,Lake Tschida,Lake Tschida,shapefile,1032544,Lake Tschida,Reservoir,North Dakota,1,1455.8,
167245892,,,none,,,,,0,,
167245870,Alkali Lake,Alkali Lake,shapefile,1027682,Lake Etta,Lake,North Dakota,1,431.3,
167245879,Chase Lake,Chase Lake,shapefile,1028345,Chase Lake,Lake,North Dakota,1,823.0,
14683846,Lake George,Lake George,shapefile,1033392,Lake George,Reservoir,North Dakota,1,620.6,
16246631,Lake Ilo,Lake Ilo,shapefile,1029591,Lake Ilo,Reservoir,North Dakota,1,327.3,
14683782,,,none,,,,,0,,
14683574,Lake Isabel,Lake Isabel,shapefile,1029628,Lake Isabel,Lake,North Dakota,1,22.3,
14678246,Lake Helen,Lake Helen,shapefile,1029390,Lake Helen,Lake,North Dakota,1,104.0,
14683770,Lake Henry,Lake Henry,shapefile,1029402,Lake Henry,Lake,North Dakota,1,276.8,
14681374,Long Lake,Long Lake,shapefile,,,,,0,,
19251179,Lake Oahe,Lake Oahe,shapefile,1263604,Lake Evarts (historical),Lake,South Dakota,4,16632.5,Wilde Lake; Carlson Lake; Litzman Ponds
16100727,Whitney Reservoir,Whitney Reservoir,shapefile,835711,Whitney Lake,Lake,Nebraska,1,140.2,
11543202,,,none,,,,,0,,
11546100,Lake Sharpe,Lake Sharpe,shapefile,1261138,Lake Sharpe,Reservoir,South Dakota,1,22007.1,
11546104,,,none,,,,,0,,
11548284,White Lake,White Lake,shapefile,1258968,White Lake,Lake,South Dakota,1,212.9,
11550180,,,none,,,,,0,,
120053557,Lake Francis Case,Lake Francis Case,shapefile,,,,,0,,
20178895,Little White River Pool Reservoir,Little White River Pool Reservoir,shapefile,1260913,Little White River Pool Reservoir,Reservoir,South Dakota,1,167.3,
20178903,,,none,,,,,0,,
167245953,,"Francis Case, Lake",gnis_inside,1255140,Lake Francis Case,Reservoir,South Dakota,1,22465.4,
11550134,Lake Andes,Lake Andes,shapefile,1265607,Lake Andes,Lake,South Dakota,1,1158.1,
16031118,Trout Lake,Trout Lake,shapefile,834183,Trout Lake,Lake,Nebraska,1,130.3,
16068089,Box Butte Reservoir,Box Butte Reservoir,shapefile,1768801,Box Butte Reservoir,Reservoir,Nebraska,1,370.0,
167243085,,Alkali Lake,gnis_inside,826954,Alkali Lake,Lake,Nebraska,1,116.1,
16054764,Twin Lakes,Twin Lakes,shapefile,834239,Twin Lakes,Lake,Nebraska,1,1296.5,
16031074,Big Alkali Lake,Big Alkali Lake,shapefile,827401,Big Alkali Lake,Lake,Nebraska,1,458.8,
11591361,Clear Lake,Clear Lake,shapefile,1254397,Clear Lake,Lake,South Dakota,1,161.2,
11597215,Bitter Lake,Bitter Lake,shapefile,,,,,0,,
11591745,,,none,,,,,0,,
11591789,Cattail Lake,Cattail Lake,shapefile,1265147,Cattail Lake,Lake,South Dakota,1,778.3,
11591893,Buffalo Lakes,Buffalo Lakes,shapefile,1254127,Buffalo Lakes,Lake,South Dakota,1,667.0,
11594281,Waubay Lake,Waubay Lake,shapefile,1258844,Waubay Lake,Lake,South Dakota,1,3362.3,
11595779,Blue Dog Lake,Blue Dog Lake,shapefile,1253980,Blue Dog Lake,Lake,South Dakota,1,112.6,
11595727,Rush Lake,Rush Lake,shapefile,1265689,Rush Lake,Lake,South Dakota,1,187.9,
11596325,,,none,,,,,0,,
11592261,Piyas Lake,Piyas Lake,shapefile,1257073,Piyas Lake,Lake,South Dakota,1,328.9,
11592293,Drywood Lakes,Drywood Lakes,shapefile,1254789,Drywood Lakes,Lake,South Dakota,1,703.1,
11592379,,Opitz Lake,gnis_inside,1265312,Opitz Lake,Lake,South Dakota,1,794.1,
11595173,South Waubay Lake,South Waubay Lake,shapefile,1258223,South Waubay Lake,Lake,South Dakota,1,963.1,
11473406,Columbia Road Reservoir,Columbia Road Reservoir,shapefile,1265163,Columbia Road Reservoir,Reservoir,South Dakota,1,4287.1,
11594751,Spring Lake,Spring Lake,shapefile,1258277,Spring Lake,Lake,South Dakota,1,130.7,
11599621,,,none,,,,,0,,
11594331,Enemy Swim Lake,Enemy Swim Lake,shapefile,1265638,Enemy Swim Lake,Lake,South Dakota,1,711.0,
11591753,Stink Lakes,Stink Lakes,shapefile,1258353,Stink Lakes,Lake,South Dakota,1,146.2,
12684491,Cottonwood Lake,Cottonwood Lake,shapefile,1254487,Cottonwood Lake,Lake,South Dakota,1,490.5,
11591319,Roy Lake,Roy Lake,shapefile,1257510,Roy Lake,Lake,South Dakota,1,539.5,
11592095,,,none,,,,,0,,
11601235,Reid Lake,Reid Lake,shapefile,1257346,Reid Lake,Lake,South Dakota,1,456.3,
12694806,Lake Byron,Lake Byron,shapefile,1254184,Lake Byron,Lake,South Dakota,1,445.6,
167800943,Pickerel Lake,Pickerel Lake,shapefile,1265680,Pickerel Lake,Lake,South Dakota,1,300.0,
167800969,Twin Lakes,Twin Lakes,shapefile,1258670,Twin Lakes,Lake,South Dakota,1,492.8,
7220310,Clear Lake,Clear Lake,shapefile,1265627,Clear Lake,Lake,South Dakota,1,73.1,
9372726,Round Lake,Round Lake,shapefile,1257497,Round Lake,Lake,South Dakota,1,219.9,
9372744,Wigdale Lake,Wigdale Lake,shapefile,1258995,Wigdale Lake,Lake,South Dakota,1,67.1,
2481890,Grass Lake,Grass Lake,shapefile,1255342,Grass Lake,Lake,South Dakota,1,315.4,
2483484,Long Lake,Long Lake,shapefile,,,,,0,,
2483314,Horseshoe Lake,Horseshoe Lake,shapefile,1255669,Horseshoe Lake,Lake,South Dakota,1,135.8,
2487292,Twin Lakes,Twin Lakes,shapefile,1258669,Twin Lakes,Lake,South Dakota,1,40.6,
9374574,Lake Sinai,Lake Sinai,shapefile,1258082,Lake Sinai,Lake,South Dakota,1,438.8,
7219306,Lake Herman,Lake Herman,shapefile,1255522,Lake Herman,Lake,South Dakota,1,673.9,
2485168,Lake Marsh,Lake Marsh,shapefile,1256331,Lake Marsh,Lake,South Dakota,1,263.6,
9371574,Lake Kampeska,Lake Kampeska,shapefile,1255901,Lake Kampeska,Lake,South Dakota,1,572.1,
16009636,Lake Henry,Lake Henry,shapefile,1255515,Lake Henry,Lake,South Dakota,1,617.9,
167800861,Lake Albert,Lake Albert,shapefile,1253603,Lake Albert,Lake,South Dakota,1,1037.7,
2484610,Clear Lake,Clear Lake,shapefile,1254394,Clear Lake,Lake,South Dakota,1,64.8,
7221352,Island Lake,Island Lake,shapefile,1255792,Island Lake,Lake,South Dakota,1,92.3,
7221456,Brant Lake,Brant Lake,shapefile,1254045,Brant Lake,Lake,South Dakota,1,85.0,
9375476,Lake Tetonkaha,Lake Tetonkaha,shapefile,1257496,Round Lake,Lake,South Dakota,2,483.4,Lake Tetonkaha
9371970,Lake Poinsett,Lake Poinsett,shapefile,1257162,Lake Poinsett,Lake,South Dakota,1,1039.3,
9371886,Dry Lake,Dry Lake,shapefile,1254773,Dry Lake,Lake,South Dakota,1,459.0,
9371686,Pelican Lake,Pelican Lake,shapefile,1257003,Pelican Lake,Lake,South Dakota,1,269.3,
16012176,Bourne Slough,Bourne Slough,shapefile,1256299,Lake Madison,Lake,South Dakota,2,678.5,Bourne Slough
7221450,Bourne Slough,Bourne Slough,shapefile,,,,,0,,
11758154,Lewis and Clark Lake,Lewis and Clark Lake,shapefile,830688,Lewis and Clark Lake,Reservoir,South Dakota,1,16775.5,
2486908,Lake Badger,Lake Badger,shapefile,1253740,Lake Badger,Lake,South Dakota,1,65.4,
9375474,Lake Oakwood,Lake Oakwood,shapefile,1256831,Lake Oakwood,Lake,South Dakota,1,95.2,
2485342,Lake Norden,Lake Norden,shapefile,1256722,Lake Norden,Lake,South Dakota,1,115.8,
2485460,Lake Saint John,Lake Saint John,shapefile,1265345,Lake Saint John,Lake,South Dakota,1,137.7,
16009444,Spirit Lake,Spirit Lake,shapefile,1258236,Spirit Lake,Lake,South Dakota,1,158.4,
120052259,,Norfork Lake,gnis_inside,75807,Norfork Lake,Reservoir,Arkansas,1,6233.5,
120053569,Table Rock Lake,Table Rock Lake,shapefile,752479,Table Rock Lake,Reservoir,Missouri,1,2417.3,
167299813,Beaver Lake,Beaver Lake,shapefile,,,,,0,,
167299818,,Bull Shoals Lake,gnis_inside,83589,Bull Shoals Lake,Reservoir,Arkansas,1,20785.0,
167299819,Greers Ferry Lake,Greers Ferry Lake,shapefile,75245,Greers Ferry Lake,Reservoir,Arkansas,2,8308.5,Lake Eden
913979,Horse Creek Reservoir,Horse Creek Reservoir,shapefile,195404,Horse Creek Reservoir,Reservoir,Colorado,1,1982.4,
914045,Cheraw Lake,Cheraw Lake,shapefile,203829,Cheraw Lake,Lake,Colorado,1,136.8,
914071,Holbrook Reservoir,Holbrook Reservoir,shapefile,195500,Holbrook Reservoir,Reservoir,Colorado,1,67.9,
916247,Turquoise Lake,Turquoise Lake,shapefile,202682,Turquoise Lake,Reservoir,Colorado,1,1490.0,
916361,Twin Lakes,Twin Lakes,shapefile,201317,Twin Lakes,Reservoir,Colorado,1,856.4,
916363,,,none,,,,,0,,
975154,Lake Meredith,Lake Meredith,shapefile,195393,Lake Meredith,Lake,Colorado,1,294.6,
936750,,Trinidad Lake,gnis_inside,194692,Trinidad Lake,Reservoir,Colorado,1,336.4,
1594373,,Neeskah Reservoir,gnis_inside,203801,Neeskah Reservoir,Reservoir,Colorado,1,740.5,
1594377,,,none,,,,,0,,
975120,Lake Henry,Lake Henry,shapefile,195337,Lake Henry,Reservoir,Colorado,1,202.5,
1593551,,Adobe Creek Reservoir,gnis_inside,195347,Adobe Creek Reservoir,Reservoir,Colorado,1,696.0,
20079044,El Dorado Lake,El Dorado Lake,shapefile,479839,El Dorado Lake,Reservoir,Kansas,1,5373.8,
21160241,Cheney Reservoir,Cheney Reservoir,shapefile,473801,Cheney Reservoir,Reservoir,Kansas,1,2332.7,
21134781,Timber Creek Lake,Timber Creek Lake,shapefile,481091,Timber Creek Lake,Reservoir,Kansas,1,635.8,
253350,Lake Hefner,Lake Hefner,shapefile,1093649,Lake Hefner,Reservoir,Oklahoma,1,439.1,
491604,Lake Carl Blackwell,Lake Carl Blackwell,shapefile,1090964,Lake Carl Blackwell,Reservoir,Oklahoma,1,409.3,
491560,Lake McMurtry,Lake McMurtry,shapefile,1095277,Lake McMurtry,Reservoir,Oklahoma,1,518.9,
20972864,,Longbranch Site 7a Reservoir,gnis_near,1757446,Longbranch Site 7a Reservoir,Reservoir,Oklahoma,1,296.0,
21038107,,Kaw Lake,gnis_inside,1754455,Kaw Lake,Reservoir,Oklahoma,1,2166.3,
21000069,Great Salt Plains Reservoir,Great Salt Plains Reservoir,shapefile,1751423,Great Salt Plains Reservoir,Reservoir,Oklahoma,1,73.2,
21772239,,,none,,,,,0,,
20953830,Toronto Lake,Toronto Lake,shapefile,474677,Toronto Lake,Reservoir,Kansas,1,3040.0,
167297265,,"O the Cherokees, Lake",gnis_inside,1758016,Lake O the Cherokees,Reservoir,Oklahoma,1,654.6,
167297255,,John Redmond Reservoir,gnis_inside,477467,John Redmond Reservoir,Reservoir,Kansas,1,526.2,
20873572,Lake Parsons,Lake Parsons,shapefile,469692,Lake Parsons,Reservoir,Kansas,1,159.8,
20943110,Elk City Lake,Elk City Lake,shapefile,479838,Elk City Lake,Reservoir,Kansas,1,441.2,
21770435,,"Eucha, Lake",gnis_inside,1092645,Lake Eucha,Reservoir,Oklahoma,1,2137.2,
21783714,Copan Lake,Copan Lake,shapefile,469260,Copan Lake,Reservoir,Oklahoma,1,728.4,
20917521,Marion Reservoir,Marion Reservoir,shapefile,,,,,0,,
21514748,Fall River Lake,Fall River Lake,shapefile,474647,Fall River Lake,Reservoir,Kansas,1,1498.3,
20927390,Council Grove Lake,Council Grove Lake,shapefile,476905,Council Grove Lake,Reservoir,Kansas,1,1712.3,
21784832,Hulah Restocking Pond,Hulah Restocking Pond,shapefile,1753853,Hulah Restocking Pond,Reservoir,Oklahoma,1,6258.2,
847048,Lake Yahola,Lake Yahola,shapefile,1751841,Lake Yahola,Reservoir,Oklahoma,1,47.7,
167299912,,Grand Lake O' The Cherokees,gnis_inside,1102836,Grand Lake O' The Cherokees,Reservoir,Oklahoma,1,9711.9,
167299916,Spavinaw Lake,Spavinaw Lake,shapefile,1098347,Spavinaw Lake,Reservoir,Oklahoma,1,761.0,
167299918,,Fort Gibson Lake,gnis_inside,1752226,Fort Gibson Lake,Reservoir,Oklahoma,1,3895.2,
167299904,Oologah Lake,Oologah Lake,shapefile,1096287,Oologah Lake,Reservoir,Oklahoma,1,3835.3,
941070128,Skiatook Lake,Skiatook Lake,shapefile,1100124,Skiatook Lake,Reservoir,Oklahoma,4,1062.3,Oknoname 113067 Reservoir; Lily Pad Lake; Oknoname 113003 Reservoir
20044192,Lake Isabel,Lake Isabel,shapefile,890354,Lake Isabel,Reservoir,New Mexico,1,107.2,
20052547,Conchas Lake,Conchas Lake,shapefile,897344,Conchas Lake,Reservoir,New Mexico,1,5367.8,
20057974,,Eagle Nest Lake,gnis_inside,924133,Eagle Nest Lake,Reservoir,New Mexico,1,308.8,
510415,Lake McAlester,Lake McAlester,shapefile,1095205,Lake McAlester,Reservoir,Oklahoma,1,565.3,
481656,Lake Thunderbird,Lake Thunderbird,shapefile,1100127,Lake Thunderbird,Reservoir,Oklahoma,1,2812.1,
513979,,Oknoname 131007 Reservoir,gnis_inside,1751433,Oknoname 131007 Reservoir,Reservoir,Oklahoma,1,9080.4,
481582,Stanley Draper Lake,Stanley Draper Lake,shapefile,1098489,Stanley Draper Lake,Reservoir,Oklahoma,1,773.8,
19980072,,"Meredith, Lake",gnis_inside,1374882,Lake Meredith,Reservoir,Texas,1,1855.9,
6027864,,"Konawa, Lake",gnis_inside,1763755,Lake Konawa,Reservoir,Oklahoma,1,1118.9,
167801019,,Eufaula Lake,gnis_inside,1100123,Eufaula Lake,Reservoir,Oklahoma,1,3188.0,
13811164,,Fort Supply Reservoir,gnis_inside,1751421,Fort Supply Reservoir,Reservoir,Oklahoma,1,315.2,
167300171,Ramsey Lake,Ramsey Lake,shapefile,1096356,Lake Overholser,Reservoir,Oklahoma,1,132.4,
389774,Canton Lake,Canton Lake,shapefile,1751417,Canton Lake,Reservoir,Oklahoma,1,1352.0,
167297531,,,none,,,,,0,,
534887,,Salt Creek Site S-1 Reservoir,gnis_inside,1751859,Salt Creek Site S-1 Reservoir,Reservoir,Oklahoma,1,494.1,
21117203,,Optima Lake,gnis_inside,1754457,Optima Lake,Reservoir,Oklahoma,2,1135.7,Optima Lake
167579923,,Warner Lake,gnis_near,1757670,Warner Lake,Reservoir,Oklahoma,1,140.3,
368347,Shell Lake,Shell Lake,shapefile,1097980,Shell Lake,Reservoir,Oklahoma,1,339.5,
381408,,Webbers Falls Lock and Dam 16,gnis_inside,1751393,Webbers Falls Lock and Dam 16,Reservoir,Oklahoma,3,5929.5,Webbers Falls Reservoir; Star Lake
402142,Tenkiller Ferry Lake,Tenkiller Ferry Lake,shapefile,,,,,0,,
7767793,,,none,,,,,0,,
7801259,Blue Mountain Lake,Blue Mountain Lake,shapefile,74690,Blue Mountain Lake,Reservoir,Arkansas,1,2378.4,
7767759,,"Dardanelle, Lake",gnis_inside,74782,Lake Dardanelle,Reservoir,Arkansas,1,1149.4,
7827790,Nimrod Lake,Nimrod Lake,shapefile,75802,Nimrod Lake,Reservoir,Arkansas,1,5766.2,
7826252,,Harris Brake,gnis_inside,77127,Harris Brake,Reservoir,Arkansas,1,353.4,
22850387,,"Pine Bluff, Lake",gnis_inside,80487,Lake Pine Bluff,Reservoir,Arkansas,1,58.6,
22845341,Lake Maumelle,Lake Maumelle,shapefile,75785,Lake Maumelle,Reservoir,Arkansas,1,1412.3,
6043008,Wister Lake,Wister Lake,shapefile,1101914,Wister Lake,Reservoir,Oklahoma,1,953.3,
399680,,Tenkiller Ferry Lake,gnis_inside,1098801,Tenkiller Ferry Lake,Reservoir,Oklahoma,1,5442.7,
167801039,Greens Lake (historical),Greens Lake (historical),shapefile,75680,Lake Conway,Reservoir,Arkansas,5,294.7,Adams Lake (historical); Gold Lake (historical); Greens Lake (historical)
20971700,,Keystone Lake,gnis_inside,1101491,Keystone Lake,Reservoir,Oklahoma,3,10582.4,Mannford Water Supply Lake; Mannford Reservoir
167801029,,Robert S Kerr Reservoir,gnis_inside,1097254,Robert S Kerr Reservoir,Reservoir,Oklahoma,1,4774.5,
13756271,Lake Altus,Lake Altus,shapefile,1089602,Lake Altus,Reservoir,Oklahoma,1,564.0,
167300241,Tom Steed Reservoir,Tom Steed Reservoir,shapefile,1101912,Tom Steed Reservoir,Reservoir,Oklahoma,1,1561.4,
681831,Fort Cobb Reservoir,Fort Cobb Reservoir,shapefile,1092954,Fort Cobb Reservoir,Reservoir,Oklahoma,2,678.3,Fort Cobb Reservoir
681919,Lake Chickasha,Lake Chickasha,shapefile,1091278,Lake Chickasha,Reservoir,Oklahoma,1,1396.9,
3140356,Foss Reservoir,Foss Reservoir,shapefile,1089491,Foss Reservoir,Reservoir,Oklahoma,1,3537.6,
167300279,,Spring Creek Pond,gnis_near,1755922,Spring Creek Pond,Reservoir,Oklahoma,1,258.6,
167300249,North Fork Buffalo Creek Reservoir,North Fork Buffalo Creek Reservoir,shapefile,1364047,North Fork Buffalo Creek Reservoir,Reservoir,Texas,1,575.2,
13659945,Lake Kickapoo,Lake Kickapoo,shapefile,1374367,Lake Kickapoo,Reservoir,Texas,1,1110.4,
13732800,Lake Kemp,Lake Kemp,shapefile,1360561,Lake Kemp,Reservoir,Texas,1,3325.6,
3133527,Lake Nocona,Lake Nocona,shapefile,1363948,Lake Nocona,Reservoir,Texas,1,283.4,
672210,Lake Ellsworth,Lake Ellsworth,shapefile,1092549,Lake Ellsworth,Reservoir,Oklahoma,1,1200.3,
672260,Lake Lawtonka,Lake Lawtonka,shapefile,1094541,Lake Lawtonka,Reservoir,Oklahoma,1,386.0,
13733582,Lake Wichita,Lake Wichita,shapefile,1371486,Lake Wichita,Reservoir,Texas,1,327.1,
8357843,,Waurika Lake,gnis_inside,1101913,Waurika Lake,Reservoir,Oklahoma,1,820.0,
13659779,Lake Arrowhead,Lake Arrowhead,shapefile,1351279,Lake Arrowhead,Reservoir,Texas,1,1514.3,
13729077,Santa Rosa Lake,Santa Rosa Lake,shapefile,,,,,0,,
167300255,,Cedar Bayou,gnis_inside,1354031,Cedar Bayou,Lake,Texas,2,1700.6,Lake Texoma
167300271,Lake of the Arbuckles,Lake of the Arbuckles,shapefile,1089485,Lake of the Arbuckles,Reservoir,Oklahoma,1,2413.8,
120052503,Lake Diversion,Lake Diversion,shapefile,1856233,Lake Diversion,Reservoir,Texas,1,1261.0,
1127853,,,none,,,,,0,,
8347705,,Pat Mayse Lake,gnis_inside,1377081,Pat Mayse Lake,Reservoir,Texas,1,2050.3,
19917402,,,none,,,,,0,,
1127701,Wright Patman Lake,Wright Patman Lake,shapefile,1381019,Wright Patman Lake,Reservoir,Texas,1,4901.7,
3745526,De Queen Lake,De Queen Lake,shapefile,,,,,0,,
3759766,Cypress Bayou Reservoir,Cypress Bayou Reservoir,shapefile,554161,Cypress Bayou Reservoir,Reservoir,Louisiana,1,2254.0,
19925795,Lake Erling,Lake Erling,shapefile,74820,Lake Erling,Reservoir,Arkansas,1,1773.8,
617546,,,none,,,,,0,,
592596,South Lake,South Lake,shapefile,1098260,South Lake,Lake,Oklahoma,1,1059.1,
1010832,Lake O' the Pines,Lake O' the Pines,shapefile,1375468,Lake O' the Pines,Reservoir,Texas,1,4461.3,
19916060,Lake Iatt,Lake Iatt,shapefile,554817,Lake Iatt,Reservoir,Louisiana,1,101.2,
1135442,Black Bayou Lake,Black Bayou Lake,shapefile,553676,Black Bayou Lake,Reservoir,Louisiana,1,3785.8,
19946914,Bois d'Arc Lake,Bois d'Arc Lake,shapefile,75657,Bois d'Arc Lake,Lake,Arkansas,1,123.9,
19909129,Kepler Creek Lake,Kepler Creek Lake,shapefile,556721,Kepler Creek Lake,Reservoir,Louisiana,1,3355.3,
630011,Calahan Lake,Calahan Lake,shapefile,1101902,Broken Bow Lake,Reservoir,Oklahoma,2,6389.4,Calahan Lake
120053896,Tadpole Lake,Tadpole Lake,shapefile,553670,Lake Bistineau,Reservoir,Louisiana,3,3680.5,Tadpole Lake; Crane Lake
1122789,Century Lake,Century Lake,shapefile,1862824,Lake Sulphur Springs,Reservoir,Texas,2,587.3,White Oak Lake
167300381,Clear Lake,Clear Lake,shapefile,1373141,Clinton Lake,Lake,Texas,18,776.0,Mound Pond; Back Lake; Carter Lake
167300362,Black Lake,Black Lake,shapefile,553691,Black Lake,Reservoir,Louisiana,2,6590.4,Black Lake
167300345,,Millwood Lake,gnis_inside,77669,Millwood Lake,Reservoir,Arkansas,1,6426.4,
5292281,Monticello Reservoir,Monticello Reservoir,shapefile,1829124,Lake Bob Sandlin,Reservoir,Texas,2,1186.5,Monticello Reservoir
1010018,Lake A,Lake A,shapefile,1829128,Lake Monticello,Reservoir,Texas,2,2168.5,Lake A
1128997,River Crest Reservoir,River Crest Reservoir,shapefile,1860336,River Crest Lake,Reservoir,Texas,1,12.2,
8347941,Lake Crook,Lake Crook,shapefile,1355376,Lake Crook,Reservoir,Texas,1,281.4,
19918144,Lake Rodemacher,Lake Rodemacher,shapefile,555823,Lake Rodemacher,Reservoir,Louisiana,1,1191.4,
167484741,Atoka Reservoir,Atoka Reservoir,shapefile,1763543,Atoka Reservoir,Reservoir,Oklahoma,1,2556.6,
19916072,Nantachie Lake,Nantachie Lake,shapefile,555457,Nantachie Lake,Lake,Louisiana,1,494.3,
806301,Umcolcus Lake,Umcolcus Lake,shapefile,577529,Umcolcus Lake,Lake,Maine,1,451.3,
717650,Round Pond,Round Pond,shapefile,574523,Round Pond,Lake,Maine,1,416.6,
717696,Long Lake,Long Lake,shapefile,570229,Long Lake,Reservoir,Maine,4,1608.9,The Thoroughfare; Umsaskis Lake; Harvey Pond
717824,Clear Lake,Clear Lake,shapefile,564073,Clear Lake,Lake,Maine,1,296.5,
719490,Pleasant Lake,Pleasant Lake,shapefile,573491,Pleasant Lake,Lake,Maine,1,132.6,
719644,Haymock Lake,Haymock Lake,shapefile,567824,Haymock Lake,Lake,Maine,1,133.5,
719684,Indian Pond,Indian Pond,shapefile,568603,Indian Pond,Lake,Maine,1,740.3,
723898,Long Lake,Long Lake,shapefile,570232,Long Lake,Lake,Maine,1,869.6,
725058,Fish River Lake,Fish River Lake,shapefile,566224,Fish River Lake,Lake,Maine,1,606.9,
817877,Meduxnekeag Lake,Meduxnekeag Lake,shapefile,571115,Meduxnekeag Lake,Lake,Maine,1,235.8,
803413,Squapan Lake,Squapan Lake,shapefile,576172,Scopan Lake,Reservoir,Maine,1,6419.7,
719480,Heron-Churchill Lakes,Heron-Churchill Lakes,shapefile,563993,Churchill Lake,Lake,Maine,3,6558.3,Eagle Lake; Heron Lake
802433,,,none,,,,,0,,
806311,Millimagassett Lake,Millimagassett Lake,shapefile,571387,Millimagassett Lake,Lake,Maine,1,264.5,
719500,Spider Lake,Spider Lake,shapefile,576050,Spider Lake,Lake,Maine,1,75.6,
723938,Square Lake,Square Lake,shapefile,576179,Square Lake,Lake,Maine,3,1771.7,Cross Lake; Eagle Lake
166195793,Munsungan Lake,Munsungan Lake,shapefile,571988,Munsungan Lake,Lake,Maine,2,849.5,Little Munsungan Lake
806283,Millinocket Lake,Millinocket Lake,shapefile,571392,Millinocket Lake,Lake,Maine,2,2173.1,Little Millinocket Lake
166421060,Chemquasabamticook Lake,Chemquasabamticook Lake,shapefile,563909,Chemquasabamticook Lake,Lake,Maine,1,576.7,
717714,,First Musquacook Lake,gnis_inside,566181,First Musquacook Lake,Reservoir,Maine,2,1825.2,Second Musquacook Lake
759,Pleasant Lake,Pleasant Lake,shapefile,573489,Pleasant Lake,Lake,Maine,1,814.2,
1581,Lower Hot Brook Lake,Lower Hot Brook Lake,shapefile,570508,Lower Hot Brook Lake,Lake,Maine,1,329.6,
2311,Wytopitlock Lake,Wytopitlock Lake,shapefile,578734,Wytopitlock Lake,Lake,Maine,1,186.3,
1699556,Upper Jo-Mary Lake,Upper Jo-Mary Lake,shapefile,577620,Upper Jo-Mary Lake,Reservoir,Maine,1,261.5,
1731638,Upper Pond,Upper Pond,shapefile,577646,Upper Pond,Reservoir,Maine,1,93.0,
1731682,Madagascal Pond,Madagascal Pond,shapefile,570637,Madagascal Pond,Lake,Maine,1,208.7,
1731730,,Eskutassis Pond,gnis_inside,579078,Eskutassis Pond,Lake,Maine,1,36.8,
1731784,,Lower Pistol Lake,gnis_inside,570530,Lower Pistol Lake,Lake,Maine,1,130.7,
1731800,,Boyd Lake,gnis_inside,562819,Boyd Lake,Lake,Maine,1,688.9,
1731806,Saponac Pond,Saponac Pond,shapefile,574912,Saponac Pond,Lake,Maine,1,141.2,
1731832,,Duck Lake,gnis_inside,565341,Duck Lake,Lake,Maine,1,193.8,
1731850,,Nicatous Lake,gnis_inside,572157,Nicatous Lake,Reservoir,Maine,1,965.3,
1731864,,West Lake,gnis_inside,578847,West Lake,Lake,Maine,2,156.0,Abamgamook Lake
1699482,Dolby Pond,Dolby Pond,shapefile,565179,Dolby Pond,Reservoir,Maine,3,1327.6,Partridge Brook Flowage; Shad Pond
1720371,Sebec Lake,Sebec Lake,shapefile,1773810,Sebec Lake,Reservoir,Maine,2,1474.4,Sebec Lake
1720391,Bald Mountain Pond,Bald Mountain Pond,shapefile,561529,Bald Mountain Pond,Lake,Maine,1,182.0,
1734984,Pushaw Lake,Pushaw Lake,shapefile,573904,Pushaw Lake,Reservoir,Maine,1,527.1,
1700982,Lobster Lake,Lobster Lake,shapefile,570140,Lobster Lake,Lake,Maine,1,1062.1,
1698272,Rowe Pond,Rowe Pond,shapefile,574550,Rowe Pond,Lake,Maine,2,1549.7,Avery Pond
1698276,Daggett Pond,Daggett Pond,shapefile,564735,Daggett Pond,Lake,Maine,1,36.5,
1698278,Shallow Lake,Shallow Lake,shapefile,575297,Shallow Lake,Lake,Maine,1,65.0,
1698322,Loon Lake,Loon Lake,shapefile,570368,Loon Lake,Reservoir,Maine,2,1195.6,Big Hurd Pond
1711940,Allagash Lake,Allagash Lake,shapefile,561171,Allagash Lake,Lake,Maine,1,1228.4,
1711958,,Chamberlain Lake,gnis_inside,563804,Chamberlain Lake,Lake,Maine,3,414.8,Round Pond; Telos Lake
1700856,Harrington Lake,Harrington Lake,shapefile,567679,Harrington Lake,Reservoir,Maine,1,67.8,
1700864,Seboomook Lake,Seboomook Lake,shapefile,575181,Seboomook Lake,Reservoir,Maine,1,6103.4,
1712020,Mud Pond,Mud Pond,shapefile,571934,Mud Pond,Lake,Maine,1,103.7,
1700848,Mud Pond,Mud Pond,shapefile,571931,Mud Pond,Lake,Maine,1,54.5,
1718135,B Pond,B Pond,shapefile,561382,B Pond,Lake,Maine,1,295.5,
1735158,Chemo Pond,Chemo Pond,shapefile,563908,Chemo Pond,Lake,Maine,1,532.3,
166173484,Mattamiscontis Lake,Mattamiscontis Lake,shapefile,570905,Mattamiscontis Lake,Lake,Maine,1,533.2,
1731874,Gassabias Lake,Gassabias Lake,shapefile,566716,Gassabias Lake,Lake,Maine,1,573.8,
1731700,Cold Stream Pond,Cold Stream Pond,shapefile,1773792,Cold Stream Pond,Reservoir,Maine,2,884.2,Cold Stream Pond
1711354,First Lake,First Lake,shapefile,566177,First Lake,Lake,Maine,3,632.4,Grand Lake Matagamon; Second Lake
120053064,Ripogenus Lake,Ripogenus Lake,shapefile,563924,Chesuncook Lake,Lake,Maine,7,515.2,Moose Pond; Holmes Hole; Brandy Pond
1710508,Grand Lake Seboeis,Grand Lake Seboeis,shapefile,567034,Grand Lake Seboeis,Lake,Maine,1,379.2,
1710524,Snowshoe Lake,Snowshoe Lake,shapefile,575694,Snowshoe Lake,Lake,Maine,1,103.9,
1710542,Scraggly Lake,Scraggly Lake,shapefile,575064,Scraggly Lake,Lake,Maine,1,217.4,
1710670,Upper Shin Pond,Upper Shin Pond,shapefile,577658,Upper Shin Pond,Lake,Maine,1,167.2,
1710720,Lower Shin Pond,Lower Shin Pond,shapefile,570544,Lower Shin Pond,Lake,Maine,1,154.8,
1718667,,Schoodic Lake,gnis_inside,574999,Schoodic Lake,Reservoir,Maine,1,524.7,
1731562,South Branch Lake,South Branch Lake,shapefile,575782,South Branch Lake,Lake,Maine,1,262.5,
1731598,,Mattanawcook Pond,gnis_inside,570909,Mattanawcook Pond,Reservoir,Maine,3,272.4,Crooked Pond; Folsom Pond
1730906,,Salmon Stream Lake,gnis_inside,574784,Salmon Stream Lake,Reservoir,Maine,1,140.0,
1735266,Brewer Lake,Brewer Lake,shapefile,562938,Brewer Lake,Reservoir,Maine,1,117.1,
1735412,Alamoosook Lake,Alamoosook Lake,shapefile,561114,Alamoosook Lake,Reservoir,Maine,1,1623.4,
1712532,Katahdin Lake,Katahdin Lake,shapefile,569046,Katahdin Lake,Lake,Maine,1,202.0,
1699384,Millinocket Lake,Millinocket Lake,shapefile,579082,Millinocket Lake,Reservoir,Maine,1,700.0,
1701156,Third Debsconeag Lake,Third Debsconeag Lake,shapefile,571421,Minister Cove,Lake,Maine,1,289.1,
1735206,Hermon Pond,Hermon Pond,shapefile,567957,Hermon Pond,Lake,Maine,1,133.8,
120053063,Middle Jo-Mary Lake,Middle Jo-Mary Lake,shapefile,571250,Middle Jo-Mary Lake,Lake,Maine,4,914.3,Jo-Mary Lake; Turkey Tail Lake; Lower Jo-Mary Lake
1701038,Rainbow Lake,Rainbow Lake,shapefile,573975,Rainbow Lake,Reservoir,Maine,1,2131.8,
166181690,Baskahegan Lake,Baskahegan Lake,shapefile,561695,Baskahegan Lake,Lake,Maine,1,528.4,
166181689,Upper Mattawamkeag Lake,Upper Mattawamkeag Lake,shapefile,577628,Upper Mattawamkeag Lake,Lake,Maine,1,5214.4,
166195830,South Twin Lake,South Twin Lake,shapefile,1773888,Twin Lakes,Reservoir,Maine,6,291.6,Pemadumcook Lake; North Twin Lake; Ambajejus Lake
166195916,Upper Wilson Pond,Upper Wilson Pond,shapefile,570558,Lower Wilson Pond,Reservoir,Maine,2,1626.1,Upper Wilson Pond
1637,Jackson Brook Lake,Jackson Brook Lake,shapefile,576753,The Basin,Lake,Maine,3,167.1,Jackson Brook Lake; Drake Lake
166195912,Endless Lake,Endless Lake,shapefile,565917,Endless Lake,Reservoir,Maine,1,404.1,
166195834,Hurd Pond,Hurd Pond,shapefile,568494,Hurd Pond,Lake,Maine,1,98.3,
166195915,The Inlet,The Inlet,shapefile,575175,Seboeis Lake,Reservoir,Maine,4,546.9,Northwest Pond; Shallow Pond; The Inlet
3318032,Pleasant Pond,Pleasant Pond,shapefile,573509,Pleasant Pond,Reservoir,Maine,1,218.0,
3318110,Wyman Lake,Wyman Lake,shapefile,578729,Wyman Lake,Reservoir,Maine,1,2871.7,
3319842,Embden Pond,Embden Pond,shapefile,565892,Embden Pond,Reservoir,Maine,1,342.0,
3319884,Sebasticook Lake,Sebasticook Lake,shapefile,575163,Sebasticook Lake,Reservoir,Maine,1,1140.9,
3323678,China Lake,China Lake,shapefile,563951,China Lake,Reservoir,Maine,1,3035.4,
3323844,Maranacook Lake,Maranacook Lake,shapefile,570756,Maranacook Lake,Reservoir,Maine,1,1157.5,
3323864,Threemile Pond,Threemile Pond,shapefile,577064,Threemile Pond,Lake,Maine,1,329.4,
3323922,Togus Pond,Togus Pond,shapefile,577161,Togus Pond,Lake,Maine,1,22.1,
1021378,Spencer Pond,Spencer Pond,shapefile,576039,Spencer Pond,Reservoir,Maine,1,545.6,
1021504,,First Roach Pond,gnis_inside,566188,First Roach Pond,Reservoir,Maine,2,784.8,North Inlet
1021692,Mountain View Pond,Mountain View Pond,shapefile,571817,Mountain View Pond,Lake,Maine,1,95.7,
1031729,West Carry Pond,West Carry Pond,shapefile,578116,West Carry Pond,Lake,Maine,1,131.0,
1023054,Long Pond,Long Pond,shapefile,570306,Long Pond,Reservoir,Maine,1,5102.8,
1023066,Wood Pond,Wood Pond,shapefile,578653,Wood Pond,Lake,Maine,1,166.2,
1023120,Attean Pond,Attean Pond,shapefile,561344,Attean Pond,Lake,Maine,1,817.4,
3319846,Little Indian Pond,Little Indian Pond,shapefile,568604,Indian Pond,Reservoir,Maine,2,235.5,Little Indian Pond
166195974,Great Pond,Great Pond,shapefile,567171,Great Pond,Lake,Maine,2,733.2,Mill Stream
166195943,Frog Pond,Frog Pond,shapefile,566606,Frog Pond,Lake,Maine,3,8801.5,Tussle Lagoon; Moosehead Lake
166195977,Messalonskee Lake,Messalonskee Lake,shapefile,571183,Messalonskee Lake,Lake,Maine,1,1475.9,
3318172,Lake Wassookeag,Lake Wassookeag,shapefile,577881,Lake Wassookeag,Reservoir,Maine,1,205.6,
1031669,Flagstaff Lake,Flagstaff Lake,shapefile,566271,Flagstaff Lake,Reservoir,Maine,1,7386.2,
3319994,Unity Pond,Unity Pond,shapefile,577561,Unity Pond,Lake,Maine,1,511.2,
3320002,,North Pond,gnis_inside,572394,North Pond,Lake,Maine,2,800.7,Little Pond
3325032,,Cobbosseecontee Lake,gnis_inside,564126,Cobbosseecontee Lake,Reservoir,Maine,1,3407.9,
3319854,,Great Moose Lake,gnis_inside,567165,Great Moose Lake,Lake,Maine,2,732.5,Lake Como
3319916,Wesserunsett Lake,Wesserunsett Lake,shapefile,578013,Wesserunsett Lake,Reservoir,Maine,1,476.9,
3322860,Porter Lake,Porter Lake,shapefile,573686,Porter Lake,Reservoir,Maine,1,245.6,
3322898,Clearwater Pond,Clearwater Pond,shapefile,564080,Clearwater Pond,Lake,Maine,1,545.2,
3320004,East Pond,East Pond,shapefile,565669,East Pond,Lake,Maine,1,398.7,
1031381,Fish Pond,Fish Pond,shapefile,576032,Spencer Lake,Lake,Maine,2,2130.9,Fish Pond
4290677,Brassua Lake,Brassua Lake,shapefile,569707,Little Brassua Lake,Lake,Maine,3,1230.3,Brassua Lake; Fletcher Ponds
120053012,Indian Pond,Indian Pond,shapefile,568605,Indian Pond,Reservoir,Maine,2,194.5,Round Pond
3320048,McGrath Pond,McGrath Pond,shapefile,581383,Salmon Lake,Lake,Maine,3,868.4,Ellis Pond; McGrath Pond
6711523,Thompson Lake,Thompson Lake,shapefile,577015,Thompson Lake,Reservoir,Maine,1,957.2,
6711533,Taylor Pond,Taylor Pond,shapefile,576687,Taylor Pond,Lake,Maine,1,303.8,
6711485,"Auburn, Lake","Auburn, Lake",shapefile,576752,The Basin,Reservoir,Maine,1,413.4,
6709789,Webb Lake,Webb Lake,shapefile,577924,Webb Lake,Lake,Maine,1,764.8,
6709797,Ellis Pond,Ellis Pond,shapefile,565858,Ellis Pond,Lake,Maine,1,85.2,
6711483,Sabattus Pond,Sabattus Pond,shapefile,1908798,Custer Pond,Lake,Maine,1,829.2,
166196003,Pickerel Pond,Pickerel Pond,shapefile,561261,Androscoggin Lake,Lake,Maine,3,1969.3,Pocasset Lake; Pickerel Pond
166196002,Parker Pond,Parker Pond,shapefile,572994,Parker Pond,Lake,Maine,1,691.3,
166421080,Lower Richardson Lake,Lower Richardson Lake,shapefile,571651,Mooselookmeguntic Lake,Reservoir,Maine,4,2830.3,Upper Richardson Lake; Cupsuptic Lake; Lower Richardson Lake
166421079,Aziscohos Lake,Aziscohos Lake,shapefile,561377,Aziscohos Lake,Reservoir,Maine,1,6562.7,
166421077,Umbagog Lake,Umbagog Lake,shapefile,870563,Umbagog Lake,Lake,New Hampshire,2,380.1,Leonard Pond
19333611,Rangeley Lake,Rangeley Lake,shapefile,574039,Rangeley Lake,Reservoir,Maine,1,200.8,
5195104,East Musquash Lake,East Musquash Lake,shapefile,565642,East Musquash Lake,Lake,Maine,1,1320.4,
120051884,,Sysladobsis Lake,gnis_inside,576630,Sysladobsis Lake,Reservoir,Maine,1,1417.0,
5195346,Wabassus Lake,Wabassus Lake,shapefile,577749,Wabassus Lake,Lake,Maine,1,516.1,
5195462,,Clifford Lake,gnis_inside,564100,Clifford Lake,Reservoir,Maine,2,499.3,East Arm Clifford Lake
2673290,Meddybemps Lake,Meddybemps Lake,shapefile,581335,Meddybemps Lake,Reservoir,Maine,1,382.0,
2673400,Fifth Machias Lake,Fifth Machias Lake,shapefile,566141,Fifth Machias Lake,Lake,Maine,1,71.7,
2674752,Upper Sabao Lake,Upper Sabao Lake,shapefile,577655,Upper Sabao Lake,Lake,Maine,1,381.8,
5194604,Grand Lake,Grand Lake,shapefile,,,,,0,,
5194620,Brackett Lake,Brackett Lake,shapefile,562838,Brackett Lake,Lake,Maine,1,388.1,
5202226,,Damariscotta Lake,gnis_inside,564753,Damariscotta Lake,Lake,Maine,1,2706.0,
5202150,Alford Lake,Alford Lake,shapefile,561164,Alford Lake,Reservoir,Maine,1,105.3,
2675732,Hadley Lake,Hadley Lake,shapefile,567417,Hadley Lake,Lake,Maine,1,1038.8,
2675594,Rocky Lake,Rocky Lake,shapefile,574393,Rocky Lake,Lake,Maine,1,414.7,
2679128,Tunk Lake,Tunk Lake,shapefile,577405,Tunk Lake,Lake,Maine,1,329.2,
2678912,Upper Lead Mountain Pond,Upper Lead Mountain Pond,shapefile,577623,Upper Lead Mountain Pond,Reservoir,Maine,1,164.1,
2678978,Graham Lake,Graham Lake,shapefile,567021,Graham Lake,Reservoir,Maine,1,2298.4,
5202348,Pemaquid Pond,Pemaquid Pond,shapefile,573147,Pemaquid Pond,Lake,Maine,1,3769.6,
5195160,Pleasant Lake,Pleasant Lake,shapefile,573488,Pleasant Lake,Lake,Maine,1,232.3,
5195184,West Musquash Lake,West Musquash Lake,shapefile,578178,West Musquash Lake,Lake,Maine,1,875.2,
2678970,Spectacle Pond,Spectacle Pond,shapefile,576013,Spectacle Pond,Lake,Maine,1,781.2,
2679020,Beech Hill Pond,Beech Hill Pond,shapefile,561992,Beech Hill Pond,Lake,Maine,1,66.9,
2679030,Molasses Pond,Molasses Pond,shapefile,571485,Molasses Pond,Lake,Maine,1,520.5,
2679066,Abrams Pond,Abrams Pond,shapefile,581642,Abrams Pond,Lake,Maine,1,322.8,
2679104,,Branch Lake,gnis_inside,562891,Branch Lake,Reservoir,Maine,2,1356.2,Mill Pond
2679118,Georges Pond,Georges Pond,shapefile,566749,Georges Pond,Lake,Maine,1,148.7,
2680654,Green Lake,Green Lake,shapefile,581429,Green Lake,Reservoir,Maine,2,1124.2,Keisers Pond
2684588,Tilden Pond,Tilden Pond,shapefile,577104,Tilden Pond,Lake,Maine,1,60.7,
5197464,Upper Sysladobsis Lake,Upper Sysladobsis Lake,shapefile,577666,Upper Sysladobsis Lake,Lake,Maine,1,1282.6,
5203442,Sheepscot Pond,Sheepscot Pond,shapefile,575362,Sheepscot Pond,Reservoir,Maine,1,525.0,
166174112,Second Chain Lake,Second Chain Lake,shapefile,575186,Second Chain Lake,Lake,Maine,1,170.9,
166174111,Love Lake,Love Lake,shapefile,570434,Love Lake,Lake,Maine,1,270.4,
166174106,Pennamaquan Lake,Pennamaquan Lake,shapefile,1774058,Pennamaquan Lake,Reservoir,Maine,1,232.0,
166174105,Boyden Lake,Boyden Lake,shapefile,562823,Boyden Lake,Lake,Maine,1,783.5,
166174103,Mopang Lake,Mopang Lake,shapefile,571653,Mopang Lake,Lake,Maine,1,416.2,
166174100,Swan Lake,Swan Lake,shapefile,576578,Swan Lake,Reservoir,Maine,1,626.9,
2675654,Gardner Lake,Gardner Lake,shapefile,575193,Second Lake,Lake,Maine,3,2042.4,Gardner Lake; Loon Lake
5194634,,Chiputneticook Lakes,gnis_inside,563956,Chiputneticook Lakes,Lake,Maine,2,18343.2,Booming Ground
5195222,,Big Lake,gnis_inside,562198,Big Lake,Lake,Maine,4,2276.3,Grand Falls Flowage; Berry Brook Flowage; George Brook Flowage
2679044,Webb Pond,Webb Pond,shapefile,577926,Webb Pond,Lake,Maine,1,311.3,
2673426,Round Lake,Round Lake,shapefile,581345,Round Lake,Lake,Maine,1,138.0,
166174045,Junior Lake,Junior Lake,shapefile,578151,West Grand Lake,Reservoir,Maine,7,997.7,Pocumcus Lake; Pug Lake; Scraggly Lake
5195294,Lewy Lake,Lewy Lake,shapefile,570226,Long Lake,Lake,Maine,2,7083.5,Lewy Lake
2675496,Lake Cathance,Lake Cathance,shapefile,563695,Lake Cathance,Reservoir,Maine,1,1516.5,
6718889,Pleasant Lake,Pleasant Lake,shapefile,573487,Pleasant Lake,Lake,Maine,1,664.9,
6719641,Brandy Pond,Brandy Pond,shapefile,561741,Brandy Pond,Lake,Maine,1,178.4,
6719681,Panther Pond,Panther Pond,shapefile,572954,Panther Pond,Reservoir,Maine,1,107.3,
6719717,Sebago Lake Basin,Sebago Lake Basin,shapefile,575155,Sebago Lake,Reservoir,Maine,2,2714.1,Sebago Lake Basin
5846926,Bow Lake,Bow Lake,shapefile,865729,Bow Lake,Reservoir,New Hampshire,1,295.1,
166174228,Great East Lake,Great East Lake,shapefile,567137,Great East Lake,Reservoir,Maine,1,335.4,
9315083,Conway Lake,Conway Lake,shapefile,871722,Conway Lake,Reservoir,New Hampshire,1,431.3,
9312057,Hancock Pond,Hancock Pond,shapefile,567561,Hancock Pond,Reservoir,Maine,1,693.6,
9315143,Silver Lake,Silver Lake,shapefile,872664,Silver Lake,Reservoir,New Hampshire,1,139.1,
6718845,Crystal Lake,Crystal Lake,shapefile,564634,Crystal Lake,Reservoir,Maine,1,267.2,
9310897,Kezar Pond,Kezar Pond,shapefile,569146,Kezar Pond,Lake,Maine,1,553.9,
9315189,Ossipee Lake,Ossipee Lake,shapefile,868936,Ossipee Lake,Lake,New Hampshire,1,525.8,
166196071,Lovewell Pond,Lovewell Pond,shapefile,581451,Lovewell Pond,Lake,Maine,1,128.1,
166196072,Lower Kimball Pond,Lower Kimball Pond,shapefile,570512,Lower Kimball Pond,Lake,Maine,1,40.1,
166196075,Province Lake,Province Lake,shapefile,573846,Province Lake,Lake,New Hampshire,1,134.9,
166421058,Stevens Pond,Stevens Pond,shapefile,570228,Long Lake,Lake,Maine,1,2793.9,
6719667,Peabody Pond,Peabody Pond,shapefile,573085,Peabody Pond,Reservoir,Maine,1,379.7,
6729259,Squam Lake,Squam Lake,shapefile,872720,Squam Lake,Lake,New Hampshire,1,1879.5,
6738920,Merrymeeting Lake,Merrymeeting Lake,shapefile,868404,Merrymeeting Lake,Reservoir,New Hampshire,1,509.1,
6738922,Webster Lake,Webster Lake,shapefile,870704,Webster Lake,Lake,New Hampshire,1,49.1,
6760512,Pleasant Lake,Pleasant Lake,shapefile,869254,Pleasant Lake,Reservoir,New Hampshire,1,107.2,
6729343,Newfound Lake,Newfound Lake,shapefile,868726,Newfound Lake,Lake,New Hampshire,1,645.1,
166181881,Lake Winnipesaukee,Lake Winnipesaukee,shapefile,870958,Lake Winnipesaukee,Lake,New Hampshire,4,1691.1,The Basin; Opechee Bay; Opechee Bay Reservoir
166181880,Swamp Pond,Swamp Pond,shapefile,870960,Lake Winnisquam,Reservoir,New Hampshire,1,914.0,
166196089,,Wachusett Reservoir,gnis_inside,617452,Wachusett Reservoir,Reservoir,Massachusetts,2,619.9,Sandy Pond
6738156,Lake Waukewan,Lake Waukewan,shapefile,870688,Lake Waukewan,Lake,New Hampshire,2,1163.4,Winona Lake
6738198,Lake Wentworth,Lake Wentworth,shapefile,870737,Lake Wentworth,Lake,New Hampshire,1,361.5,
4594507,Moore Reservoir,Moore Reservoir,shapefile,868537,Moore Reservoir,Reservoir,New Hampshire,1,2630.9,
166174656,,Sunk Pond (historical),gnis_inside,617526,Sunk Pond (historical),Lake,Massachusetts,17,2468.8,East Pond (historical); Curtis Pond; Quabbin Reservoir
9328420,Sunapee Lake,Sunapee Lake,shapefile,871340,Sunapee Lake,Lake,New Hampshire,1,580.3,
166196109,Somerset Reservoir,Somerset Reservoir,shapefile,1461419,Somerset Reservoir,Reservoir,Vermont,1,1807.4,
9331748,Spofford Lake,Spofford Lake,shapefile,870094,Spofford Lake,Reservoir,New Hampshire,1,38.8,
7689341,Quaboag Pond,Quaboag Pond,shapefile,609834,Quaboag Pond,Lake,Massachusetts,1,398.2,
4592019,Second Connecticut Lake,Second Connecticut Lake,shapefile,869842,Second Connecticut Lake,Reservoir,New Hampshire,1,84.7,
4592065,Lake Francis,Lake Francis,shapefile,866962,Lake Francis,Reservoir,New Hampshire,1,2255.2,
4592671,Maidstone Lake,Maidstone Lake,shapefile,1458337,Maidstone Lake,Lake,Vermont,1,199.5,
4592043,Connecticut Lakes,Connecticut Lakes,shapefile,866872,First Connecticut Lake,Reservoir,New Hampshire,2,555.3,Connecticut Lakes
6127173,,,none,,,,,0,,
6140554,Worden Pond,Worden Pond,shapefile,1217798,Worden Pond,Lake,Rhode Island,1,218.9,
6140612,Watchaug Pond,Watchaug Pond,shapefile,1217669,Watchaug Pond,Lake,Rhode Island,1,40.6,
6140634,Ninigret Pond,Ninigret Pond,shapefile,1217630,Ninigret Pond,Lake,Rhode Island,2,1365.3,Green Hill Pond
6176462,Lake Gaillard,Lake Gaillard,shapefile,207232,Lake Gaillard,Reservoir,Connecticut,1,1338.1,
7709274,,Onota Lake,gnis_inside,607623,Onota Lake,Reservoir,Massachusetts,1,158.0,
7711086,Wononskopomuc Lake,Wononskopomuc Lake,shapefile,212226,Wononskopomuc Lake,Lake,Connecticut,1,47.7,
120052872,,Pontoosuc Lake,gnis_inside,607649,Pontoosuc Lake,Reservoir,Massachusetts,1,93.6,
7711438,Bantam Lake,Bantam Lake,shapefile,205246,Bantam Lake,Lake,Connecticut,1,330.8,
4599077,Great Averill Pond,Great Averill Pond,shapefile,1461835,Great Averill Pond,Reservoir,Vermont,1,138.4,
166196267,Seymour Lake,Seymour Lake,shapefile,1459449,Seymour Lake,Reservoir,Vermont,1,890.8,
166196268,Echo Lake,Echo Lake,shapefile,1457332,Echo Lake,Reservoir,Vermont,1,89.5,
166196269,Lake Memphremagog,Lake Memphremagog,shapefile,,,,,0,,
4599579,Lake Salem,Lake Salem,shapefile,1459353,Lake Salem,Lake,Vermont,1,248.5,
22886851,,"Livermore (historical), Lake",gnis_inside,806303,Lake Livermore (historical),Lake,Montana,1,27051.2,
22886855,,"Koocanusa, Lake",gnis_inside,806845,Lake Koocanusa,Reservoir,Montana,1,17873.2,
22887245,Dickey Lake,Dickey Lake,shapefile,782372,Dickey Lake,Lake,Montana,1,121.1,
22926734,Seeley Lake,Seeley Lake,shapefile,790196,Seeley Lake,Lake,Montana,1,683.9,
22926896,Placid Lake,Placid Lake,shapefile,788981,Placid Lake,Lake,Montana,1,280.4,
22961759,"McDonald, Lake","McDonald, Lake",shapefile,787038,Lake McDonald,Lake,Montana,1,758.6,
22983738,,Cabinet Gorge Reservoir,gnis_near,780748,Cabinet Gorge Reservoir,Reservoir,Montana,1,31.2,
22983782,McGregor Lake,McGregor Lake,shapefile,787063,McGregor Lake,Lake,Montana,1,170.5,
22983840,Noxon Rapids Reservoir,Noxon Rapids Reservoir,shapefile,788330,Noxon Reservoir,Reservoir,Montana,1,3002.1,
22992347,Priest Lake,Priest Lake,shapefile,398012,Priest Lake,Reservoir,Idaho,1,2065.9,
120054065,Flathead Lake,Flathead Lake,shapefile,783514,Flathead Lake,Lake,Montana,1,611.0,
24342310,"Mary Ronan, Lake","Mary Ronan, Lake",shapefile,786905,Lake Mary Ronan,Lake,Montana,1,295.5,
22971534,Hungry Horse Reservoir,Hungry Horse Reservoir,shapefile,785165,Hungry Horse Reservoir,Reservoir,Montana,1,8259.6,
22992325,Upper Priest Lake,Upper Priest Lake,shapefile,392647,Upper Priest Lake,Lake,Idaho,1,61.8,
24381383,,Cave Lake,gnis_inside,379063,Cave Lake,Lake,Idaho,2,307.8,Medicine Lake
120052926,,Chatcolet Lake,gnis_inside,379207,Chatcolet Lake,Lake,Idaho,5,542.3,Hidden Lake; Round Lake; Hnchch'li Lake
23016854,,Twin Lakes,gnis_inside,400194,Twin Lakes,Reservoir,Idaho,1,3591.9,
23016878,Hauser Lake,Hauser Lake,shapefile,382966,Hauser Lake,Lake,Idaho,1,49.7,
23016906,Liberty Lake,Liberty Lake,shapefile,1506148,Liberty Lake,Lake,Washington,1,133.2,
23029448,Diamond Lake,Diamond Lake,shapefile,1518754,Diamond Lake,Lake,Washington,1,599.2,
24381227,Harrison Slough,Harrison Slough,shapefile,397563,Coeur d'Alene Lake,Lake,Idaho,2,2701.0,Harrison Slough
24315721,,Georgetown Lake,gnis_inside,783903,Georgetown Lake,Reservoir,Montana,1,1228.4,
24341846,Ashley Lake,Ashley Lake,shapefile,796279,Ashley Lake,Reservoir,Montana,1,1686.1,
24347665,Whitefish Lake,Whitefish Lake,shapefile,793220,Whitefish Lake,Lake,Montana,1,148.9,
24347729,Tally Lake,Tally Lake,shapefile,791868,Tally Lake,Lake,Montana,1,456.0,
24352958,Swan Lake,Swan Lake,shapefile,791785,Swan Lake,Lake,Montana,1,3858.6,
24366455,Little Bitterroot Lake,Little Bitterroot Lake,shapefile,795663,Little Bitterroot Lake,Reservoir,Montana,1,260.7,
23016866,"Hayden, Lake","Hayden, Lake",shapefile,397780,Lake Hayden,Lake,Idaho,1,1469.9,
24118135,"Pend Oreille, Lake","Pend Oreille, Lake",shapefile,398523,Lake Pend Oreille,Lake,Idaho,1,6027.9,
23037124,North Twin Lake,North Twin Lake,shapefile,1523916,North Twin Lake,Lake,Washington,1,44.7,
23037132,South Twin Lake,South Twin Lake,shapefile,1526325,South Twin Lake,Lake,Washington,1,269.1,
23077959,Lake Chelan,Lake Chelan,shapefile,1530367,Lake Chelan,Reservoir,Washington,1,7586.5,
23050545,Waitts Lake,Waitts Lake,shapefile,1527758,Waitts Lake,Reservoir,Washington,1,118.6,
23050597,Deer Lake,Deer Lake,shapefile,1518635,Deer Lake,Lake,Washington,1,171.3,
24123396,Palmer Lake,Palmer Lake,shapefile,1524155,Palmer Lake,Lake,Washington,1,641.5,
24411181,Moses Lake,Moses Lake,shapefile,1506804,Moses Lake,Reservoir,Washington,1,2783.1,
24411261,Potholes Reservoir,Potholes Reservoir,shapefile,1513187,Potholes Reservoir,Reservoir,Washington,1,5326.2,
23070055,Omak Lake,Omak Lake,shapefile,1524050,Omak Lake,Lake,Washington,1,714.6,
23086886,"Wenatchee, Lake","Wenatchee, Lake",shapefile,1527903,Lake Wenatchee,Lake,Washington,1,46.7,
23086892,Fish Lake,Fish Lake,shapefile,1519590,Fish Lake,Lake,Washington,1,170.2,
23098350,Soap Lake,Soap Lake,shapefile,1508485,Soap Lake,Lake,Washington,1,66.4,
23098126,Devils Punch Bowl,Devils Punch Bowl,shapefile,1513891,Banks Lake,Reservoir,Washington,1,4179.6,
23069471,,Osoyoos Lake,gnis_inside,1524093,Osoyoos Lake,Lake,Washington,1,150.2,
24136753,Kachess Lake,Kachess Lake,shapefile,1521538,Kachess Lake,Reservoir,Washington,1,1843.9,
24136769,Keechelus Lake,Keechelus Lake,shapefile,1521585,Keechelus Lake,Reservoir,Washington,1,669.4,
24136807,Cle Elum Lake,Cle Elum Lake,shapefile,1517820,Cle Elum Lake,Reservoir,Washington,1,3333.4,
24428511,Bumping Lake,Bumping Lake,shapefile,1517091,Bumping Lake,Reservoir,Washington,1,1463.1,
24428693,Rimrock Lake,Rimrock Lake,shapefile,1532276,Rimrock Lake,Reservoir,Washington,1,1731.1,
24465428,,Henrys Lake,gnis_inside,397786,Henrys Lake,Reservoir,Idaho,1,1087.3,
24465514,,Island Park Reservoir,gnis_inside,383785,Island Park Reservoir,Reservoir,Idaho,1,5220.0,
24486595,,Blackfoot Reservoir,gnis_inside,397452,Blackfoot Reservoir,Reservoir,Idaho,2,1712.7,The Narrows
24500352,,Murtaugh Lake,gnis_inside,397943,Murtaugh Lake,Reservoir,Idaho,1,74.4,
120053978,Heart Lake,Heart Lake,shapefile,1597558,Heart Lake,Lake,Wyoming,1,379.2,
23127265,Shoshone Lake,Shoshone Lake,shapefile,1609298,Shoshone Lake,Lake,Wyoming,1,2430.1,
23127961,Jenny Lake,Jenny Lake,shapefile,1590084,Jenny Lake,Lake,Wyoming,1,53.8,
23127857,Leigh Lake,Leigh Lake,shapefile,1604412,Leigh Lake,Lake,Wyoming,2,1150.7,String Lake
23171013,,"Walcott, Lake",gnis_inside,398311,Lake Walcott,Reservoir,Idaho,1,745.4,
23246628,,Mackay Reservoir,gnis_inside,386337,Mackay Reservoir,Reservoir,Idaho,1,70.4,
120053977,Lewis Lake,Lewis Lake,shapefile,1590665,Lewis Lake,Lake,Wyoming,1,866.3,
120052939,,American Falls Reservoir,gnis_inside,397376,American Falls Reservoir,Reservoir,Idaho,1,524.0,
23229556,,Mud Lake,gnis_inside,400195,Mud Lake,Reservoir,Idaho,1,2027.0,
120025217,Jackson Lake,Jackson Lake,shapefile,1609177,Jackson Lake,Reservoir,Wyoming,2,2435.1,Moran Lake
120052927,,Palisades Reservoir,gnis_inside,397973,Palisades Reservoir,Reservoir,Idaho,1,429.8,
23422703,,Beulah Reservoir,gnis_inside,1117569,Beulah Reservoir,Reservoir,Oregon,1,232.3,
23422747,,Warm Springs Reservoir,gnis_inside,1128656,Warm Springs Reservoir,Reservoir,Oregon,1,1908.8,
24215369,,Thief Valley Reservoir,gnis_inside,1128007,Thief Valley Reservoir,Reservoir,Oregon,1,485.7,
120053987,,Cove Arm Lake,gnis_inside,376399,Cove Arm Lake,Lake,Idaho,1,8234.1,
23326906,,Wild Horse Reservoir,gnis_inside,862000,Wild Horse Reservoir,Reservoir,Nevada,1,217.8,
23340062,,Wilson Reservoir,gnis_inside,858251,Wilson Reservoir,Reservoir,Nevada,1,379.7,
23366337,,Upper Cow Lake,gnis_inside,1128442,Upper Cow Lake,Reservoir,Oregon,1,393.8,
120053990,,Arrowrock Reservoir,gnis_inside,397393,Arrowrock Reservoir,Reservoir,Idaho,2,2779.7,Lucky Peak Lake
23393893,,Anderson Ranch Reservoir,gnis_inside,397380,Anderson Ranch Reservoir,Reservoir,Idaho,1,6161.3,
120053992,,"Lowell, Lake",gnis_inside,397878,Lake Lowell,Reservoir,Idaho,1,600.0,
24181193,,Payette Lake,gnis_inside,388282,Payette Lake,Lake,Idaho,1,747.8,
24181233,,Little Payette Lake,gnis_inside,397859,Little Payette Lake,Reservoir,Idaho,1,441.0,
120054056,,"Cascade, Lake",gnis_inside,378977,Lake Cascade,Reservoir,Idaho,1,3970.0,
24189308,,Lost Valley Reservoir,gnis_inside,397875,Lost Valley Reservoir,Reservoir,Idaho,1,113.6,
24189376,,Crane Creek Reservoir,gnis_inside,372237,Crane Creek Reservoir,Reservoir,Idaho,1,1552.3,
120053988,,C J Strike Reservoir,gnis_inside,399812,C J Strike Reservoir,Reservoir,Idaho,1,1425.7,
23634782,,Dworshak Reservoir,gnis_inside,397663,Dworshak Reservoir,Reservoir,Idaho,1,15196.9,
23473458,Rock Lake,Rock Lake,shapefile,1507857,Rock Lake,Lake,Washington,1,356.3,
23491403,,Alturas Lake,gnis_inside,376583,Alturas Lake,Lake,Idaho,1,92.5,
23655210,,McKay Reservoir,gnis_inside,1132097,McKay Reservoir,Reservoir,Oregon,1,327.6,
23703727,,"Billy Chinook, Lake",gnis_inside,1138120,Lake Billy Chinook,Reservoir,Oregon,1,7242.2,
23704095,,Crane Prairie Reservoir,gnis_inside,1140386,Crane Prairie Reservoir,Reservoir,Oregon,1,1262.1,
23704143,,Wickiup Reservoir,gnis_inside,1161711,Wickiup Reservoir,Reservoir,Oregon,1,907.9,
23704173,,Davis Lake,gnis_inside,1140666,Davis Lake,Lake,Oregon,1,105.6,
23704191,,Odell Lake,gnis_inside,1147159,Odell Lake,Lake,Oregon,1,380.6,
23707624,,East Lake,gnis_inside,1141624,East Lake,Lake,Oregon,1,52.8,
23707632,,Paulina Lake,gnis_inside,1147502,Paulina Lake,Lake,Oregon,1,268.4,
23707652,,Crescent Lake,gnis_inside,1158186,Crescent Lake,Lake,Oregon,1,344.4,
23707664,,Summit Lake,gnis_inside,1150624,Summit Lake,Lake,Oregon,1,42.8,
23655136,,Cold Springs Reservoir,gnis_inside,1119125,Cold Springs Reservoir,Reservoir,Oregon,1,733.1,
947070203,Lake Wallula,Lake Wallula,shapefile,1513406,Villard Pond (historical),Lake,Washington,1,6004.6,
947070204,Lake Umatilla,Lake Umatilla,shapefile,,,,,0,,
23740507,Vancouver Lake,Vancouver Lake,shapefile,1509209,Vancouver Lake,Lake,Washington,1,235.5,
24245701,,Swift Reservoir,gnis_inside,1526865,Swift Reservoir,Reservoir,Washington,1,1221.8,
24245713,,Yale Lake,gnis_inside,1528347,Yale Lake,Reservoir,Washington,1,877.4,
24245783,Thomas Lake,Thomas Lake,shapefile,1523015,Lake Merwin,Reservoir,Washington,1,482.0,
24252336,Riffe Lake,Riffe Lake,shapefile,1528606,Riffe Lake,Reservoir,Washington,1,3043.6,
24252436,Silver Lake,Silver Lake,shapefile,1508347,Silver Lake,Lake,Washington,1,66.9,
24252444,Spirit Lake,Spirit Lake,shapefile,1526377,Spirit Lake,Lake,Washington,1,832.6,
23761332,,Dorena Lake,gnis_inside,1120032,Dorena Lake,Reservoir,Oregon,1,1059.6,
23761342,,Cottage Grove Lake,gnis_inside,1158179,Cottage Grove Lake,Reservoir,Oregon,1,780.8,
23769069,,Fern Ridge Lake,gnis_inside,1120678,Fern Ridge Lake,Reservoir,Oregon,1,1501.4,
23788981,,Foster Lake,gnis_inside,1158892,Foster Lake,Reservoir,Oregon,1,395.3,
23807386,,Henry Hagg Lake,gnis_inside,1158095,Henry Hagg Lake,Reservoir,Oregon,1,703.1,
23756364,,Hills Creek Lake,gnis_inside,1158881,Hills Creek Lake,Reservoir,Oregon,1,2453.0,
23756162,,Fall Creek Lake,gnis_inside,1158871,Fall Creek Lake,Reservoir,Oregon,1,2024.1,
23756168,,Dexter Reservoir,gnis_inside,1119918,Dexter Reservoir,Reservoir,Oregon,1,542.2,
23756298,,Waldo Lake,gnis_inside,1151818,Waldo Lake,Lake,Oregon,1,429.9,
23812618,,Timothy Lake,gnis_inside,1151253,Timothy Lake,Reservoir,Oregon,1,634.1,
23783629,,Detroit Lake,gnis_inside,1639301,Detroit Lake,Reservoir,Oregon,1,614.2,
23816352,,Mud Lake,gnis_inside,1166975,Mud Lake,Lake,Oregon,6,1084.5,Sturgeon Lake; Malarky Lake; Petes Slough
23927716,,Lost Creek Lake,gnis_inside,1158890,Lost Creek Lake,Reservoir,Oregon,1,869.7,
23842132,Ozette Lake,Ozette Lake,shapefile,1531490,Ozette Lake,Lake,Washington,1,391.0,
23848103,"Quinault, Lake","Quinault, Lake",shapefile,1531495,Lake Quinault,Lake,Washington,1,322.6,
23893677,,Siltcoos Lake,gnis_inside,1158483,Siltcoos Lake,Lake,Oregon,1,323.0,
23898298,,Diamond Lake,gnis_inside,1140999,Diamond Lake,Lake,Oregon,1,323.1,
24536610,,"Whatcom, Lake",gnis_inside,1531537,Lake Whatcom,Lake,Washington,1,2891.1,
24536646,,"Samish, Lake",gnis_inside,1513949,Lake Samish,Lake,Washington,1,253.7,
24002191,"Crescent, Lake","Crescent, Lake",shapefile,1518325,Lake Crescent,Lake,Washington,1,2085.8,
24260289,Ross Lake,Ross Lake,shapefile,1525222,Ross Lake,Reservoir,Washington,1,13279.8,
24284232,,Alder Lake,gnis_inside,1515791,Alder Lake,Reservoir,Washington,1,3860.2,
24539574,"Washington, Lake","Washington, Lake",shapefile,1531534,Lake Washington,Lake,Washington,1,1307.8,
24260671,Baker Lake,Baker Lake,shapefile,1516055,Baker Lake,Reservoir,Washington,1,4948.1,
23966965,Spada Lake,Spada Lake,shapefile,1529336,Spada Lake,Reservoir,Washington,1,441.6,
24286248,Lake Cushman,Lake Cushman,shapefile,1518432,Lake Cushman,Reservoir,Washington,1,3247.5,
24539662,"Sammamish, Lake","Sammamish, Lake",shapefile,1531115,Lake Sammamish,Lake,Washington,1,373.9,
23994287,,American Lake,gnis_inside,1503014,American Lake,Lake,Washington,1,467.7,
120054019,,Crump Lake,gnis_inside,1119601,Crump Lake,Lake,Oregon,1,430.7,
24052303,,Hart Lake,gnis_inside,1121637,Hart Lake,Reservoir,Oregon,1,1309.3,
24005573,,,none,,,,,0,,
24005581,,Malheur Lake,gnis_near,1123710,Malheur Lake,Lake,Oregon,1,100.4,
24005647,,,none,,,,,0,,
24051813,,Swamp Lake,gnis_inside,1127802,Swamp Lake,Lake,Oregon,1,172.5,
24032426,,Summer Lake,gnis_inside,1150595,Summer Lake,Lake,Oregon,1,623.9,
24040174,,"Abert, Lake",gnis_inside,1116755,Lake Abert,Lake,Oregon,1,1231.9,
17899085,Sanchez Reservoir,Sanchez Reservoir,shapefile,193119,Sanchez Reservoir,Reservoir,Colorado,1,1179.6,
17724998,Elephant Butte Reservoir,Elephant Butte Reservoir,shapefile,888840,Elephant Butte Reservoir,Reservoir,New Mexico,1,1241.5,
17843270,El Vado Reservoir,El Vado Reservoir,shapefile,906103,El Vado Reservoir,Reservoir,New Mexico,1,1007.8,
17843236,Heron Reservoir,Heron Reservoir,shapefile,923891,Heron Reservoir,Reservoir,New Mexico,1,636.4,
17833136,Cochiti Lake,Cochiti Lake,shapefile,918158,Cochiti Lake,Reservoir,New Mexico,1,1976.7,
3222367,Caballo Reservoir,Caballo Reservoir,shapefile,887043,Caballo Reservoir,Reservoir,New Mexico,1,1248.8,
120052275,Amistad Reservoir,Amistad Reservoir,shapefile,,,,,0,,
120052274,Amistad Reservoir,Amistad Reservoir,shapefile,1377189,Walk Lake,Lake,Texas,1,5272.6,
20814160,,Storrie Lake,gnis_inside,911442,Storrie Lake,Reservoir,New Mexico,1,154.9,
20818104,,"Sumner, Lake",gnis_inside,900275,Lake Sumner,Reservoir,New Mexico,1,2515.2,
20756596,Balmorhea Lake,Balmorhea Lake,shapefile,1351475,Balmorhea Lake,Reservoir,Texas,1,341.6,
3210503,Red Bluff Reservoir,Red Bluff Reservoir,shapefile,1366124,Red Bluff Reservoir,Reservoir,Texas,1,450.9,
3213047,Imperial Reservoir,Imperial Reservoir,shapefile,1359900,Imperial Reservoir,Reservoir,Texas,1,166.3,
120051895,Paz Ramirez Lake,Paz Ramirez Lake,shapefile,1854285,International Falcon Lake,Reservoir,Texas,1,25532.4,
10467373,,"Drummond, Lake",gnis_inside,1478508,Lake Drummond,Lake,Virginia,1,129.4,
120052343,Roanoke Rapids Lake,Roanoke Rapids Lake,shapefile,985605,Lake Gaston,Reservoir,North Carolina,1,3265.2,
120053465,Smith Mountain Lake,Smith Mountain Lake,shapefile,1502131,Smith Mountain Lake,Reservoir,Virginia,1,10198.3,
10482573,Phelps Lake,Phelps Lake,shapefile,992118,Phelps Lake,Lake,North Carolina,1,338.1,
10482587,New Lake,New Lake,shapefile,,,,,0,,
120053587,Roanoke Rapids Lake,Roanoke Rapids Lake,shapefile,993420,Roanoke Rapids Lake,Reservoir,North Carolina,1,3178.0,
167496465,,John H. Kerr Reservoir,gnis_near,1501629,John H. Kerr Reservoir,Reservoir,Virginia,1,43.2,
10960658,Catfish Lake,Catfish Lake,shapefile,1010099,Catfish Lake,Lake,North Carolina,1,176.0,
1966751,Pungo Lake,Pungo Lake,shapefile,992909,Pungo Lake,Lake,North Carolina,1,270.7,
10977481,Little Lake,Little Lake,shapefile,1012983,Little Lake,Lake,North Carolina,1,70.3,
10960672,Great Lake,Great Lake,shapefile,1011689,Great Lake,Lake,North Carolina,1,132.4,
166755033,Lake Mattamuskeet,Lake Mattamuskeet,shapefile,989469,Lake Mattamuskeet,Lake,North Carolina,1,259.7,
166755034,,,none,,,,,0,,
166755049,Long Lake,Long Lake,shapefile,1013161,Long Lake,Lake,North Carolina,1,67.3,
166737717,,Brinkley Lake,gnis_inside,1000009,Brinkley Lake,Reservoir,North Carolina,2,138.6,Wakefield Pond Number One
8842671,,Shearon Harris Reservoir,gnis_inside,1024879,Shearon Harris Reservoir,Lake,North Carolina,1,3484.7,
8813673,,Bay Tree Lake,gnis_inside,981534,Bay Tree Lake,Lake,North Carolina,1,95.8,
8830400,Little Singletary Lake,Little Singletary Lake,shapefile,988775,Little Singletary Lake,Lake,North Carolina,1,39.5,
8813789,,Singletary Lake,gnis_inside,994864,Singletary Lake,Reservoir,North Carolina,1,40.1,
8830560,,White Lake,gnis_inside,997140,White Lake,Lake,North Carolina,1,90.7,
166755060,,Seaforth Lake,gnis_inside,994455,Seaforth Lake,Lake,North Carolina,2,2367.3,B. Everett Jordan Lake
9211452,Lake Tillery,Lake Tillery,shapefile,1024351,Lake Tillery,Reservoir,North Carolina,1,10041.6,
9210308,,,none,,,,,0,,
9062944,"Waccamaw, Lake","Waccamaw, Lake",shapefile,996653,Lake Waccamaw,Lake,North Carolina,1,183.2,
166737840,,High Rock Lake,gnis_inside,1023730,High Rock Lake,Reservoir,North Carolina,3,7319.1,Tuckertown Reservoir; Badin Lake
9737130,,Wateree Lake,gnis_inside,1227425,Wateree Lake,Reservoir,South Carolina,1,1472.4,
9706820,Monticello Reservoir,Monticello Reservoir,shapefile,1230561,Monticello Reservoir,Reservoir,South Carolina,1,369.7,
9736024,,Fishing Creek Reservoir,gnis_inside,1247757,Fishing Creek Reservoir,Reservoir,South Carolina,5,1273.7,Great Falls Reservoir; Great Falls-Dearborn Reservoir; Cedar Creek Reservoir
9869110,Lake Murray,Lake Murray,shapefile,1224900,Lake Murray,Reservoir,South Carolina,1,5605.9,
166756415,Lake Norman,Lake Norman,shapefile,991183,Lake Norman,Reservoir,North Carolina,3,7494.5,Lookout Shoals Lake; Lake Lookout
166756493,,"Greenwood, Lake",gnis_inside,1237668,Lake Greenwood,Reservoir,South Carolina,2,3608.0,Lake Greenwood
166756746,Lib Pines Lake,Lib Pines Lake,shapefile,1235895,Brown Lake (historical),Lake,South Carolina,9,1650.7,Scotts Lake (historical); Polly Cantey Pond; Prince Pond (historical)
166756781,Lake Moultrie,Lake Moultrie,shapefile,1230046,Lake Moultrie,Reservoir,South Carolina,1,103.6,
120053586,,,none,,,,,0,,
12038373,,,none,,,,,0,,
120053566,Lake Jocassee,Lake Jocassee,shapefile,1230532,Lake Jocassee,Reservoir,South Carolina,1,1308.4,
166759840,,,none,,,,,0,,
166759841,,Hartwell Lake,gnis_inside,356215,Hartwell Lake,Reservoir,Georgia,2,6038.3,Yonah Lake
167484062,,J. Strom Thurmond Reservoir,gnis_inside,335836,J. Strom Thurmond Reservoir,Reservoir,Georgia,1,814.0,
167484077,,Francis Lake,gnis_near,340085,Francis Lake,Reservoir,Georgia,1,29.9,
11748535,,"Keowee, Lake",gnis_inside,1238598,Lake Keowee,Reservoir,South Carolina,5,2892.6,McMahons Mill Pond (historical); Webb Lake; Seneca Reservoir
6339936,,"Tobesofkee, Lake",gnis_inside,336170,Lake Tobesofkee,Reservoir,Georgia,1,2564.2,
16661857,Georges Lake,Georges Lake,shapefile,283032,Georges Lake,Lake,Florida,1,144.5,
16642706,"Lowery, Lake","Lowery, Lake",shapefile,286180,Lake Lowery,Lake,Florida,1,100.2,
16636112,,"Griffin, Lake",gnis_inside,305765,Lake Griffin,Lake,Florida,1,4033.7,
16632718,"Minneola, Lake","Minneola, Lake",shapefile,294087,Lake Minneola,Lake,Florida,1,142.2,
10996843,"Ashby, Lake","Ashby, Lake",shapefile,277968,Lake Ashby,Lake,Florida,1,486.0,
16636168,,"Harris, Lake",gnis_inside,294031,Lake Harris,Lake,Florida,2,1989.5,Little Lake Harris
10993179,"Jesup, Lake","Jesup, Lake",shapefile,295793,Lake Jesup,Lake,Florida,1,3184.5,
166757602,Crescent Lake,Crescent Lake,shapefile,281036,Crescent Lake,Lake,Florida,2,1299.1,Dead Lake
166757574,Right Arm Lochloosa Lake,Right Arm Lochloosa Lake,shapefile,294060,Lochloosa Lake,Lake,Florida,3,1591.9,Little Lochloosa Lake; Right Arm Lochloosa Lake
166757578,,"Weir, Lake",gnis_inside,306567,Lake Weir,Lake,Florida,2,185.9,Little Lake Weir
166757576,Lake Ocklawaha,Lake Ocklawaha,shapefile,,,,,0,,
166757600,,Lowry Lake,gnis_inside,308453,Lowry Lake,Lake,Florida,1,60.6,
166757573,Orange Lake,Orange Lake,shapefile,288216,Orange Lake,Lake,Florida,1,1894.2,
166757596,Swan Lake,Swan Lake,shapefile,291925,Swan Lake,Lake,Florida,1,290.0,
10998421,Lake Washington,Lake Washington,shapefile,292914,Lake Washington,Lake,Florida,1,423.3,
10996865,"Monroe, Lake","Monroe, Lake",shapefile,287074,Lake Monroe,Lake,Florida,1,337.9,
10988693,,Little Lake Kerr,gnis_inside,305964,Little Lake Kerr,Lake,Florida,1,3039.0,
10988775,"George, Lake","George, Lake",shapefile,305722,Lake George,Lake,Florida,1,28.7,
16631538,"Ola, Lake","Ola, Lake",shapefile,288075,Lake Ola,Lake,Florida,1,62.8,
10988999,,"Woodruff, Lake",gnis_inside,306612,Lake Woodruff,Lake,Florida,6,1301.2,Tick Island Mud Lake; Gator Lake; Blue Peter Lake
10990355,Loughman Lake,Loughman Lake,shapefile,294062,Loughman Lake,Lake,Florida,1,95.0,
120052387,"Beresford, Lake","Beresford, Lake",shapefile,278501,Lake Beresford,Lake,Florida,1,137.0,
10991931,"Norris, Lake","Norris, Lake",shapefile,306117,Lake Norris,Lake,Florida,1,430.7,
16630838,"Yale, Lake","Yale, Lake",shapefile,306620,Lake Yale,Lake,Florida,1,344.2,
10992413,Konomac Lake,Konomac Lake,shapefile,285176,Konomac Lake,Lake,Florida,1,687.3,
16631062,"Eustis, Lake","Eustis, Lake",shapefile,282276,Lake Eustis,Lake,Florida,1,452.6,
16636326,,"Minnehaha, Lake",gnis_inside,286961,Lake Minnehaha,Lake,Florida,2,685.6,Lake Susan
10998129,,"Poinsett, Lake",gnis_inside,289112,Lake Poinsett,Lake,Florida,2,898.2,Lake Florence
10998171,,Taylor Creek Reservoir,gnis_near,2437414,Taylor Creek Reservoir,Lake,Florida,1,5.9,
10998263,Lake Winder,Lake Winder,shapefile,293400,Lake Winder,Lake,Florida,1,161.9,
11010401,Blue Cypress Lake,Blue Cypress Lake,shapefile,307443,Blue Cypress Lake,Lake,Florida,1,227.8,
120053158,"Dorr, Lake","Dorr, Lake",shapefile,305590,Lake Dorr,Lake,Florida,1,170.7,
16632942,Johns Lake,Johns Lake,shapefile,284856,Johns Lake,Lake,Florida,1,784.4,
16628898,Mud Lake,Mud Lake,shapefile,306084,Mud Lake,Lake,Florida,1,41.1,
16629010,,"Bryant, Lake",gnis_inside,305389,Lake Bryant,Lake,Florida,2,932.5,North Lake
16667851,"Dias, Lake","Dias, Lake",shapefile,281551,Lake Dias,Lake,Florida,1,99.0,
16666733,"Disston, Lake","Disston, Lake",shapefile,281592,Lake Disston,Lake,Florida,1,211.5,
16631376,,"Dora, Lake",gnis_inside,281681,Lake Dora,Lake,Florida,3,2442.1,Lake Beauclair; Lake Carlton
16632086,"Apopka, Lake","Apopka, Lake",shapefile,,,,,0,,
10996929,,"Harney, Lake",gnis_inside,283749,Lake Harney,Lake,Florida,1,698.4,
120052399,"Louisa, Lake","Louisa, Lake",shapefile,286136,Lake Louisa,Lake,Florida,1,52.9,
21480832,"Lotela, Lake","Lotela, Lake",shapefile,286124,Lake Lotela,Lake,Florida,1,89.8,
21473308,"Sheen, Lake","Sheen, Lake",shapefile,290953,Lake Sheen,Lake,Florida,1,102.5,
21477442,"Tohopekaliga, Lake","Tohopekaliga, Lake",shapefile,292327,Lake Tohopekaliga,Lake,Florida,1,2236.5,
21477494,,"Conlin, Lake",gnis_inside,280713,Lake Conlin,Lake,Florida,1,444.1,
21489802,"June in Winter, Lake","June in Winter, Lake",shapefile,284976,Lake June in Winter,Lake,Florida,1,533.4,
21489832,"Huntley, Lake","Huntley, Lake",shapefile,284412,Lake Huntley,Lake,Florida,1,185.8,
21489874,"Placid, Lake","Placid, Lake",shapefile,289014,Lake Placid,Lake,Florida,1,487.6,
21484390,Crooked Lake,Crooked Lake,shapefile,293976,Crooked Lake,Lake,Florida,2,2057.2,Little Crooked Lake
21480452,"Livingston, Lake","Livingston, Lake",shapefile,285891,Lake Livingston,Lake,Florida,1,123.0,
84918,,,none,,,,,0,,
91346,"Ingraham, Lake","Ingraham, Lake",shapefile,284548,Lake Ingraham,Lake,Florida,1,57.1,
89704,,,none,,,,,0,,
21475652,Cypress Lake,Cypress Lake,shapefile,281219,Cypress Lake,Lake,Florida,1,359.1,
166757639,Buck Lake,Buck Lake,shapefile,287760,Lake Nona,Lake,Florida,3,631.5,Red Lake; Buck Lake
166757631,,"Butler, Lake",gnis_inside,279743,Lake Butler,Lake,Florida,1,136.9,
166757656,,"Okeechobee, Lake",gnis_inside,307550,Lake Okeechobee,Lake,Florida,1,4064.2,
166757640,Lake Hatchineha,Lake Hatchineha,shapefile,294032,Lake Hatchineha,Lake,Florida,1,394.9,
166757642,,"Jackson, Lake",gnis_inside,284682,Lake Jackson,Lake,Florida,1,292.2,
166757632,Lake Down,Lake Down,shapefile,281739,Lake Down,Lake,Florida,1,104.8,
55604,"Mangonia, Lake","Mangonia, Lake",shapefile,286376,Lake Mangonia,Lake,Florida,1,77.0,
21474500,"Lizzie, Lake","Lizzie, Lake",shapefile,285895,Lake Lizzie,Lake,Florida,1,162.2,
21474650,Alligator Lake,Alligator Lake,shapefile,,,,,0,,
21475262,"Gentry, Lake","Gentry, Lake",shapefile,283023,Lake Gentry,Lake,Florida,1,139.5,
21475362,"Russell, Lake","Russell, Lake",shapefile,290080,Lake Russell,Lake,Florida,1,134.0,
21473030,"Conway, Lake","Conway, Lake",shapefile,280728,Lake Conway,Lake,Florida,1,552.6,
21473632,"Hart, Lake","Hart, Lake",shapefile,283786,Lake Hart,Lake,Florida,1,247.7,
120052768,,"Pierce, Lake",gnis_inside,288797,Lake Pierce,Lake,Florida,1,1951.1,
21479670,"Rosalie, Lake","Rosalie, Lake",shapefile,289953,Lake Rosalie,Lake,Florida,1,116.0,
21483808,"Marian, Lake","Marian, Lake",shapefile,286420,Lake Marian,Lake,Florida,1,844.1,
21483830,"Weohyakapka, Lake","Weohyakapka, Lake",shapefile,294192,Lake Weohyakapka,Lake,Florida,1,264.5,
21491302,"Istokpoga, Lake","Istokpoga, Lake",shapefile,284635,Lake Istokpoga,Lake,Florida,1,4536.7,
21475612,"Marion, Lake","Marion, Lake",shapefile,286432,Lake Marion,Lake,Florida,1,470.8,
21483822,"Kissimmee, Lake","Kissimmee, Lake",shapefile,295796,Lake Kissimmee,Lake,Florida,1,843.6,
21480390,"Arbuckle, Lake","Arbuckle, Lake",shapefile,277931,Lake Arbuckle,Lake,Florida,1,720.7,
16769912,,,none,,,,,0,,
86672,West Lake,West Lake,shapefile,293082,West Lake,Lake,Florida,1,75.8,
86678,Cuthbert Lake,Cuthbert Lake,shapefile,281182,Cuthbert Lake,Lake,Florida,1,220.6,
86706,Seven Palm Lake,Seven Palm Lake,shapefile,290866,Seven Palm Lake,Lake,Florida,1,851.3,
86782,Bear Lake,Bear Lake,shapefile,278333,Bear Lake,Lake,Florida,1,227.3,
16757722,"Trafford, Lake","Trafford, Lake",shapefile,292393,Lake Trafford,Lake,Florida,1,116.7,
21473686,"Mary Jane, Lake","Mary Jane, Lake",shapefile,286482,Lake Mary Jane,Lake,Florida,1,206.3,
21480204,"Leonore, Lake","Leonore, Lake",shapefile,285465,Lake Leonore,Lake,Florida,1,26.9,
21480294,"Clinch, Lake","Clinch, Lake",shapefile,294405,Lake Clinch,Lake,Florida,1,24.9,
21489752,"Francis, Lake","Francis, Lake",shapefile,282784,Lake Francis,Lake,Florida,1,51.4,
21477508,,Cat Lake,gnis_inside,280133,Cat Lake,Lake,Florida,2,1095.5,Buck Lake
86758,,Monroe Lake,gnis_inside,287071,Monroe Lake,Lake,Florida,2,315.5,Middle Lake
21480292,,Reedy Lake,gnis_inside,307559,Reedy Lake,Lake,Florida,1,312.1,
21477420,,East Lake Tohopekaliga,gnis_inside,2082902,East Lake Tohopekaliga,Lake,Florida,1,831.3,
21473054,,"Tibet, Lake",gnis_inside,292259,Lake Tibet,Lake,Florida,2,689.7,Lake Chase
21474332,"Center, Lake","Center, Lake",shapefile,280245,Lake Center,Lake,Florida,1,44.9,
21475068,Brick Lake,Brick Lake,shapefile,279374,Brick Lake,Lake,Florida,1,224.1,
21483782,Tiger Lake,Tiger Lake,shapefile,295814,Tiger Lake,Lake,Florida,1,127.8,
21473290,Big Sand Lake,Big Sand Lake,shapefile,,,,,0,,
21489652,"Josephine, Lake","Josephine, Lake",shapefile,284942,Lake Josephine,Lake,Florida,1,1099.2,
16835656,Lake Myakka,Lake Myakka,shapefile,287499,Lake Myakka,Reservoir,Florida,1,86.2,
16793707,"Parker, Lake","Parker, Lake",shapefile,288524,Lake Parker,Lake,Florida,1,235.1,
16793717,"Ariana, Lake","Ariana, Lake",shapefile,277946,Lake Ariana,Lake,Florida,1,85.3,
16905639,"Thonotosassa, Lake","Thonotosassa, Lake",shapefile,294174,Lake Thonotosassa,Lake,Florida,1,188.6,
16952608,"Juliana, Lake","Juliana, Lake",shapefile,284964,Lake Juliana,Lake,Florida,1,114.4,
16793567,"Arietta, Lake","Arietta, Lake",shapefile,277947,Lake Arietta,Lake,Florida,1,101.4,
16793577,"Alfred, Lake","Alfred, Lake",shapefile,277744,Lake Alfred,Lake,Florida,1,172.9,
16793645,"Haines, Lake","Haines, Lake",shapefile,283592,Lake Haines,Lake,Florida,1,95.2,
16793651,"Henry, Lake","Henry, Lake",shapefile,283918,Lake Henry,Lake,Florida,1,187.8,
16802699,"Garfield, Lake","Garfield, Lake",shapefile,282940,Lake Garfield,Lake,Florida,1,155.1,
16883070,,,none,,,,,0,,
16793819,"Hamilton, Lake","Hamilton, Lake",shapefile,283642,Lake Hamilton,Lake,Florida,1,250.8,
16946112,"Deaton, Lake","Deaton, Lake",shapefile,281407,Lake Deaton,Lake,Florida,1,418.1,
21475236,,"Mattie, Lake",gnis_inside,286526,Lake Mattie,Lake,Florida,1,90.2,
16952822,"Van, Lake","Van, Lake",shapefile,292733,Lake Van,Lake,Florida,1,112.9,
16794057,"Howard, Lake","Howard, Lake",shapefile,284352,Lake Howard,Lake,Florida,1,76.0,
16835838,Lower Myakka Lake,Lower Myakka Lake,shapefile,286172,Lower Myakka Lake,Lake,Florida,2,198.2,Deep Hole
16793769,"Rochelle, Lake","Rochelle, Lake",shapefile,289806,Lake Rochelle,Lake,Florida,1,170.5,
16949596,"Panasoffkee, Lake","Panasoffkee, Lake",shapefile,294114,Lake Panasoffkee,Lake,Florida,1,606.0,
16798595,"Hancock, Lake","Hancock, Lake",shapefile,283683,Lake Hancock,Lake,Florida,1,184.1,
16798691,"Eloise, Lake","Eloise, Lake",shapefile,282184,Lake Eloise,Lake,Florida,1,196.3,
16798811,"McLeod, Lake","McLeod, Lake",shapefile,286641,Lake McLeod,Lake,Florida,1,43.9,
16875752,Lake Manatee,Lake Manatee,shapefile,,,,,0,,
16915600,"Tarpon, Lake","Tarpon, Lake",shapefile,292049,Lake Tarpon,Lake,Florida,1,669.3,
16798773,"Winterset, Lake","Winterset, Lake",shapefile,293430,Lake Winterset,Lake,Florida,1,137.1,
16799991,"Buffum, Lake","Buffum, Lake",shapefile,279626,Lake Buffum,Lake,Florida,1,113.6,
166758437,,Eagle Lake,gnis_inside,281921,Eagle Lake,Lake,Florida,1,253.3,
2066026,,Cherry Lake,gnis_inside,280363,Cherry Lake,Lake,Florida,1,36.8,
2015896,Ocean Pond,Ocean Pond,shapefile,319881,Ocean Pond,Lake,Georgia,1,97.6,
2161664,,Santa Fe Lake,gnis_inside,290657,Santa Fe Lake,Lake,Florida,5,432.3,Bonnet Lake; Black Lake; Little Santa Fe Lake
166758657,,"Miccosukee, Lake",gnis_inside,286773,Lake Miccosukee,Reservoir,Florida,2,455.9,Little Lake
10363726,J T Budd Pond,J T Budd Pond,shapefile,306480,Lake Talquin,Reservoir,Florida,1,87.6,
6495106,,"Sidney Lanier, Lake",gnis_near,322971,Lake Sidney Lanier,Reservoir,Georgia,1,113.9,
10361596,,"Seminole, Lake",gnis_inside,294149,Lake Seminole,Reservoir,Georgia,3,13729.2,Silver Lake; Silver Lake
2043487,Woodmen Youth Camp Lake,Woodmen Youth Camp Lake,shapefile,,,,,0,,
2298144,"Wimico, Lake","Wimico, Lake",shapefile,293394,Lake Wimico,Lake,Florida,2,2207.0,Indian Bayou
2045165,Lake Sidney Lanier,Lake Sidney Lanier,shapefile,,,,,0,,
166758723,Walter F George Reservoir,Walter F George Reservoir,shapefile,1805329,Hills Lake (historical),Lake,Alabama,2,14269.0,Walter F George Reservoir
166758792,,"Sawdust, Lake",gnis_inside,322602,Lake Sawdust,Lake,Georgia,3,7348.9,Barren Lake; Gum Pond
10853947,Shelby Lakes,Shelby Lakes,shapefile,153402,Shelby Lakes,Lake,Alabama,1,98.8,
2176781,Compass Lake,Compass Lake,shapefile,280687,Compass Lake,Lake,Florida,1,145.6,
2186547,Lake Tholocco,Lake Tholocco,shapefile,127856,Lake Tholocco,Reservoir,Alabama,1,413.7,
2241295,Pate Lake,Pate Lake,shapefile,277649,Pate Lake,Lake,Florida,1,434.3,
2243757,Big Blue Lake,Big Blue Lake,shapefile,297384,Big Blue Lake,Lake,Florida,2,188.4,Big Blue Lake
2377351,Gantt Lake,Gantt Lake,shapefile,118813,Gantt Lake,Reservoir,Alabama,1,2458.4,
15820095,,,none,,,,,0,,
15822839,,Weiss Lake,gnis_inside,128714,Weiss Lake,Reservoir,Alabama,1,2777.3,
22273836,,,none,,,,,0,,
166759070,,Martin Lake,gnis_near,122333,Martin Lake,Reservoir,Alabama,1,54.9,
18225729,Lake Tuscaloosa,Lake Tuscaloosa,shapefile,128210,Lake Tuscaloosa,Reservoir,Alabama,1,5234.4,
18690687,Bay Springs Lake,Bay Springs Lake,shapefile,689863,Bay Springs Lake,Reservoir,Mississippi,1,507.1,
18521039,,,none,,,,,0,,
166759211,Lewis Smith Lake,Lewis Smith Lake,shapefile,159929,Lewis Smith Lake,Reservoir,Alabama,1,13128.2,
18122260,Marsh Lake,Marsh Lake,shapefile,673159,Marsh Lake,Lake,Mississippi,1,157.3,
18093161,Big Creek Lake,Big Creek Lake,shapefile,114272,Big Creek Lake,Reservoir,Alabama,1,2000.1,
166759324,,Okatibbee Lake,gnis_inside,684025,Okatibbee Lake,Reservoir,Mississippi,1,1380.1,
166759367,,"Bogue Homo, Lake",gnis_inside,667394,Lake Bogue Homo,Reservoir,Mississippi,1,250.2,
166759522,,Little Big Lake,gnis_inside,672544,Little Big Lake,Lake,Mississippi,2,493.2,Big Lake
14159164,Round Lake,Round Lake,shapefile,1031012,Round Lake,Lake,North Dakota,1,109.4,
14174199,Connia Slough,Connia Slough,shapefile,1028440,Connia Slough,Lake,North Dakota,1,19.2,
14172287,Bromley Lake,Bromley Lake,shapefile,1028143,Bromley Lake,Lake,North Dakota,1,134.1,
14172363,Round Lake,Round Lake,shapefile,1031018,Round Lake,Lake,North Dakota,1,100.7,
14161388,Gunderson Lake,Gunderson Lake,shapefile,1029259,Gunderson Lake,Lake,North Dakota,1,41.2,
14152626,Buffalo Lodge Lake,Buffalo Lodge Lake,shapefile,1034744,Buffalo Lodge Lake,Lake,North Dakota,1,227.7,
14157430,Belcourt Lake,Belcourt Lake,shapefile,1027874,Belcourt Lake,Lake,North Dakota,1,274.7,
14158518,Island Lake,Island Lake,shapefile,1029630,Island Lake,Lake,North Dakota,1,1302.6,
14174791,Kandt Lake,Kandt Lake,shapefile,1029711,Kandt Lake,Lake,North Dakota,1,154.9,
14174903,Krueger Lake,Krueger Lake,shapefile,1029780,Krueger Lake,Lake,North Dakota,1,563.1,
167201478,,Rush Lake,gnis_inside,1031042,Rush Lake,Lake,North Dakota,1,201.8,
6640180,Lake Traverse,Lake Traverse,shapefile,653270,Lake Traverse,Reservoir,Minnesota,1,2783.0,
6658667,Fish Lake,Fish Lake,shapefile,643688,Fish Lake,Lake,Minnesota,1,206.5,
6658551,Otter Tail Lake,Otter Tail Lake,shapefile,657700,Otter Tail Lake,Lake,Minnesota,2,632.2,Otter Tail Lake
14434045,Lake Ardoch,Lake Ardoch,shapefile,1027727,Lake Ardoch,Reservoir,North Dakota,1,243.8,
14274002,Kilgore Lake,Kilgore Lake,shapefile,1029738,Kilgore Lake,Lake,North Dakota,1,197.1,
6646370,East Toqua Lake,East Toqua Lake,shapefile,643111,East Toqua Lake,Lake,Minnesota,1,58.9,
6675304,Grass Lake,Grass Lake,shapefile,1029223,Grass Lake,Lake,North Dakota,1,36.2,
6644772,Lightning Lake,Lightning Lake,shapefile,646638,Lightning Lake,Lake,Minnesota,1,216.8,
7028251,North Twin Lake,North Twin Lake,shapefile,648708,North Twin Lake,Lake,Minnesota,1,43.5,
7027771,Aspinwall Lake,Aspinwall Lake,shapefile,639485,Aspinwall Lake,Lake,Minnesota,1,115.5,
7029221,White Earth Lake,White Earth Lake,shapefile,654080,White Earth Lake,Lake,Minnesota,1,233.3,
6653711,Upper Cormorant Lake,Upper Cormorant Lake,shapefile,653542,Upper Cormorant Lake,Lake,Minnesota,1,444.3,
6653737,Big Cormorant Lake,Big Cormorant Lake,shapefile,640083,Big Cormorant Lake,Lake,Minnesota,1,310.5,
6654649,Pine Lake,Pine Lake,shapefile,649480,Pine Lake,Lake,Minnesota,1,153.6,
7054479,Clearwater Lake,Clearwater Lake,shapefile,641318,Clearwater Lake,Lake,Minnesota,2,266.6,Clearwater Lake
6658499,Buchanan Lake,Buchanan Lake,shapefile,640576,Buchanan Lake,Lake,Minnesota,1,109.3,
6658507,Long Lake,Long Lake,shapefile,657191,Long Lake,Lake,Minnesota,1,786.6,
7028003,Roy Lake,Roy Lake,shapefile,650372,Roy Lake,Reservoir,Minnesota,1,71.1,
120052521,Devils Lake,Devils Lake,shapefile,1034194,Devils Lake,Lake,North Dakota,1,894.3,
14295787,Dry Lake,Dry Lake,shapefile,1028735,Dry Lake,Lake,North Dakota,1,3094.8,
14300281,,,none,,,,,0,,
14300337,,Stump Lake,gnis_inside,1032375,Stump Lake,Lake,North Dakota,1,350.2,
14300387,Shin Bone Lake,Shin Bone Lake,shapefile,1032062,Shin Bone Lake,Lake,North Dakota,1,106.5,
14267128,Johnson Lake,Johnson Lake,shapefile,1029680,Johnson Lake,Lake,North Dakota,1,50.1,
6652777,Round Lake,Round Lake,shapefile,650356,Round Lake,Reservoir,Minnesota,1,110.0,
6656233,Marion Lake,Marion Lake,shapefile,647539,Marion Lake,Lake,Minnesota,1,1426.0,
6658833,West Battle Lake,West Battle Lake,shapefile,653928,West Battle Lake,Lake,Minnesota,1,1475.0,
6658837,East Battle Lake,East Battle Lake,shapefile,643046,East Battle Lake,Lake,Minnesota,1,210.6,
7029583,Strawberry Lake,Strawberry Lake,shapefile,652723,Strawberry Lake,Lake,Minnesota,1,103.4,
6658899,Clitherall Lake,Clitherall Lake,shapefile,641342,Clitherall Lake,Lake,Minnesota,1,1727.3,
14276558,Antelope Lakes,Antelope Lakes,shapefile,1027713,Antelope Lakes,Lake,North Dakota,1,2201.3,
7029509,Big Rat Lake,Big Rat Lake,shapefile,640115,Big Rat Lake,Lake,Minnesota,1,230.4,
14276586,,,none,,,,,0,,
14411797,Carpenter Lake,Carpenter Lake,shapefile,1028282,Carpenter Lake,Lake,North Dakota,1,359.7,
6654673,Height of Land Lake,Height of Land Lake,shapefile,644841,Height of Land Lake,Lake,Minnesota,1,333.6,
6639922,Lake Traverse,Lake Traverse,shapefile,,,,,0,,
167204371,Girard Lake,Girard Lake,shapefile,1029126,Girard Lake,Lake,North Dakota,1,26.3,
6656797,Mud Lake,Mud Lake,shapefile,646889,Little Pine Lake,Lake,Minnesota,2,168.5,Mud Lake
14299227,,,none,,,,,0,,
7027747,Upper Rice Lake,Upper Rice Lake,shapefile,653563,Upper Rice Lake,Lake,Minnesota,1,133.2,
7054789,Pine Lake,Pine Lake,shapefile,649484,Pine Lake,Lake,Minnesota,1,222.6,
6655827,Big Pine Lake,Big Pine Lake,shapefile,640112,Big Pine Lake,Lake,Minnesota,1,477.6,
120052557,,,none,,,,,0,,
22190886,Blackduck Lake,Blackduck Lake,shapefile,655421,Blackduck Lake,Lake,Minnesota,1,1250.3,
22191072,Puposky Lake,Puposky Lake,shapefile,649760,Puposky Lake,Lake,Minnesota,1,419.8,
6654733,Cotton Lake,Cotton Lake,shapefile,641526,Cotton Lake,Lake,Minnesota,1,69.3,
6654805,Toad Lake,Toad Lake,shapefile,653218,Toad Lake,Lake,Minnesota,1,56.4,
7028377,South Twin Lake,South Twin Lake,shapefile,652353,South Twin Lake,Lake,Minnesota,1,38.2,
6652551,Many Point Lake,Many Point Lake,shapefile,647460,Many Point Lake,Reservoir,Minnesota,1,248.5,
6655119,Detroit Lake,Detroit Lake,shapefile,642776,Detroit Lake,Lake,Minnesota,1,734.4,
6655435,,,none,,,,,0,,
6655871,Little McDonald Lake,Little McDonald Lake,shapefile,646855,Little McDonald Lake,Lake,Minnesota,1,125.6,
6656013,,Big McDonald Lake,gnis_inside,640105,Big McDonald Lake,Lake,Minnesota,1,20.9,
6656023,West McDonald Lake,West McDonald Lake,shapefile,653987,West McDonald Lake,Lake,Minnesota,1,107.4,
14300235,Spring Lake,Spring Lake,shapefile,1032249,Spring Lake,Lake,North Dakota,1,101.6,
14275670,Cranberry Lake,Cranberry Lake,shapefile,1028527,Cranberry Lake,Lake,North Dakota,1,725.7,
6658543,Walker Lake,Walker Lake,shapefile,658884,Walker Lake,Lake,Minnesota,1,116.5,
7053191,Maple Lake,Maple Lake,shapefile,647490,Maple Lake,Lake,Minnesota,1,331.2,
14273996,Smoky Lake,Smoky Lake,shapefile,1032142,Smoky Lake,Lake,North Dakota,1,199.0,
6658861,Wall Lake,Wall Lake,shapefile,653737,Wall Lake,Lake,Minnesota,1,381.4,
167204327,Star Lake,Star Lake,shapefile,652557,Star Lake,Lake,Minnesota,1,486.6,
167204326,Lake Lida,Lake Lida,shapefile,646635,Lake Lida,Lake,Minnesota,1,245.9,
6654439,Flat Lake,Flat Lake,shapefile,643729,Flat Lake,Lake,Minnesota,2,469.1,Flat Lake
6654769,Floyd Lake,Floyd Lake,shapefile,643765,Floyd Lake,Lake,Minnesota,1,61.0,
6655293,Lake Maud,Lake Maud,shapefile,647622,Lake Maud,Lake,Minnesota,1,237.2,
14267078,Lake Coe,Lake Coe,shapefile,1028413,Lake Coe,Lake,North Dakota,1,564.9,
167201419,Upper Red Lake,Upper Red Lake,shapefile,647260,Lower Red Lake,Lake,Minnesota,3,10134.1,Mud River Reservoir; Upper Red Lake
167201442,Thief Lake,Thief Lake,shapefile,653126,Thief Lake,Lake,Minnesota,1,48.1,
6689713,Albert Lake,Albert Lake,shapefile,650201,Rock Lake,Lake,Minnesota,2,491.3,Albert Lake
167204344,Lake Lizzie,Lake Lizzie,shapefile,646976,Lake Lizzie,Lake,Minnesota,2,2361.1,Crystal Lake
167204343,,Rush Lake,gnis_inside,650409,Rush Lake,Lake,Minnesota,1,742.6,
167204342,,Dead Lake,gnis_inside,655949,Dead Lake,Lake,Minnesota,1,454.3,
167204330,Fish Lake,Fish Lake,shapefile,649238,Pelican Lake,Lake,Minnesota,3,859.7,Bass Lake; Fish Lake
6658673,East Lost Lake,East Lost Lake,shapefile,642721,Deer Lake,Lake,Minnesota,2,88.4,East Lost Lake
14292945,Lake Alice,Lake Alice,shapefile,1029791,Lake Alice,Lake,North Dakota,1,1421.2,
6655199,Lake Sallie,Lake Sallie,shapefile,651116,Lake Sallie,Lake,Minnesota,2,100.5,Muskrat Lake
6653905,Lake Ida,Lake Ida,shapefile,645333,Lake Ida,Lake,Minnesota,1,350.4,
6657425,Lake Jewett,Lake Jewett,shapefile,645644,Lake Jewett,Lake,Minnesota,1,91.0,
14293019,Lake Irvine,Lake Irvine,shapefile,,,,,0,,
6655349,Lake Eunice,Lake Eunice,shapefile,643427,Lake Eunice,Lake,Minnesota,1,131.2,
6658711,Lake Blanche,Lake Blanche,shapefile,640256,Lake Blanche,Lake,Minnesota,1,76.3,
6655307,Lake Melissa,Lake Melissa,shapefile,1776114,Lake Melissa,Reservoir,Minnesota,1,102.4,
167484639,,,none,,,,,0,,
167484637,East Devils Lake,East Devils Lake,shapefile,1028767,East Devils Lake,Lake,North Dakota,1,967.0,
14296203,Sweetwater Lake,Sweetwater Lake,shapefile,1032421,Sweetwater Lake,Lake,North Dakota,2,715.9,Morrison Lake
167748733,Lake Tewaukon,Lake Tewaukon,shapefile,1032460,Lake Tewaukon,Reservoir,North Dakota,1,682.8,
7092575,,Sea Gull Lake,gnis_inside,658198,Sea Gull Lake,Lake,Minnesota,3,1723.4,Alpine Lake; Gull Lake
7095015,,Iron Lake,gnis_inside,661554,Iron Lake,Lake,Minnesota,1,984.4,
7095681,Kekekabic Lake,Kekekabic Lake,shapefile,656864,Kekekabic Lake,Lake,Minnesota,1,680.7,
22238204,Turtle Lake,Turtle Lake,shapefile,658776,Turtle Lake,Lake,Minnesota,1,1823.7,
7153320,Mukooda Lake,Mukooda Lake,shapefile,662006,Mukooda Lake,Lake,Minnesota,1,70.6,
7172534,Burntside Lake,Burntside Lake,shapefile,,,,,0,,
7172886,Lost Lake,Lost Lake,shapefile,661823,Lost Lake,Lake,Minnesota,1,95.9,
7108851,,Silver Island Lake,gnis_inside,658260,Silver Island Lake,Lake,Minnesota,1,476.0,
7138266,Pelican Lake,Pelican Lake,shapefile,662155,Pelican Lake,Reservoir,Minnesota,1,3589.7,
7138332,Myrtle Lake,Myrtle Lake,shapefile,662021,Myrtle Lake,Lake,Minnesota,1,1115.9,
7143102,Eagles Nest Lake Number Three,Eagles Nest Lake Number Three,shapefile,661162,Eagles Nest Lake Number Three,Lake,Minnesota,1,205.1,
7100709,,North Lake,gnis_inside,662068,North Lake,Lake,Minnesota,3,4144.8,South Lake; Lac la Croix
7153992,Ash Lake,Ash Lake,shapefile,660686,Ash Lake,Lake,Minnesota,1,252.7,
22237990,Whitefish Lake,Whitefish Lake,shapefile,658994,Whitefish Lake,Lake,Minnesota,1,205.7,
22238534,Bowstring Lake,Bowstring Lake,shapefile,655497,Bowstring Lake,Lake,Minnesota,1,8.9,
7097721,,South Arm Knife Lake,gnis_inside,658352,South Arm Knife Lake,Lake,Minnesota,2,1192.9,Knife Lake
7097779,Basswood Lake,Basswood Lake,shapefile,655261,Basswood Lake,Lake,Minnesota,1,10174.4,
7108425,,Isabella Lake,gnis_inside,656723,Isabella Lake,Lake,Minnesota,3,333.3,Azure Lake; Boga Lake
7137600,Echo Lake,Echo Lake,shapefile,,,,,0,,
7103529,Big Moose Lake,Big Moose Lake,shapefile,660796,Big Moose Lake,Lake,Minnesota,1,103.8,
120052221,Snowbank Lake,Snowbank Lake,shapefile,658332,Snowbank Lake,Lake,Minnesota,1,1402.7,
7107329,Burntside Lake,Burntside Lake,shapefile,660918,Burntside Lake,Lake,Minnesota,1,2675.7,
7107491,,Alice Lake,gnis_inside,655102,Alice Lake,Lake,Minnesota,1,556.8,
7107519,Basswood Lake,Basswood Lake,shapefile,656193,Fall Lake,Lake,Minnesota,1,349.7,
120052233,Rainy Lake,Rainy Lake,shapefile,662245,Rainy Lake,Lake,Minnesota,2,25811.7,Rat Root Lake
7170860,Nett Lake,Nett Lake,shapefile,662038,Nett Lake,Lake,Minnesota,1,1342.0,
22237644,Deer Lake,Deer Lake,shapefile,655966,Deer Lake,Lake,Minnesota,1,425.5,
22240208,Island Lake,Island Lake,shapefile,656734,Island Lake,Lake,Minnesota,1,382.0,
22242106,,Natures Lake,gnis_inside,658440,Natures Lake,Lake,Minnesota,2,719.4,Round Lake
22240794,Rice Lake,Rice Lake,shapefile,658036,Rice Lake,Lake,Minnesota,1,659.4,
7108121,,Bald Eagle Lake,gnis_inside,655198,Bald Eagle Lake,Lake,Minnesota,3,892.2,Gabbro Lake; Little Gabbro Lake
7142570,Vermilion Lake,Vermilion Lake,shapefile,662716,Vermilion Lake,Lake,Minnesota,1,9848.1,
7173388,Sand Lake,Sand Lake,shapefile,662356,Sand Lake,Lake,Minnesota,1,74.7,
7107851,,Shagawa Lake,gnis_inside,662416,Shagawa Lake,Lake,Minnesota,1,507.7,
7175900,,Sturgeon Lake,gnis_inside,662576,Sturgeon Lake,Lake,Minnesota,2,495.7,West Sturgeon Lake
22238394,Jessie Lake,Jessie Lake,shapefile,656785,Jessie Lake,Lake,Minnesota,1,217.5,
7101767,Oyster Lake,Oyster Lake,shapefile,662121,Oyster Lake,Lake,Minnesota,1,401.5,
7173274,Big Rice Lake,Big Rice Lake,shapefile,660798,Big Rice Lake,Lake,Minnesota,1,123.4,
120053089,Portage Lake,Portage Lake,shapefile,658151,Sand Lake,Lake,Minnesota,2,701.3,Portage Lake
22238554,Little Jessie Lake,Little Jessie Lake,shapefile,657074,Little Jessie Lake,Lake,Minnesota,1,243.9,
7107795,,White Iron Lake,gnis_inside,662789,White Iron Lake,Lake,Minnesota,4,1372.0,Farm Lake; Garden Lake; South Farm Lake
120052201,,Saganaga Lake,gnis_inside,658127,Saganaga Lake,Lake,Minnesota,1,823.8,
7138318,Moose Lake,Moose Lake,shapefile,661953,Moose Lake,Lake,Minnesota,1,122.0,
7092631,,Gunflint Lake,gnis_inside,656483,Gunflint Lake,Lake,Minnesota,4,4308.2,Little North Lake; North Lake; Magnetic Lake
167201784,North Arm Trout Lake,North Arm Trout Lake,shapefile,662674,Trout Lake,Lake,Minnesota,2,1252.9,North Arm Trout Lake
167201777,Bear Island Lake,Bear Island Lake,shapefile,660739,Bear Island Lake,Lake,Minnesota,2,2664.5,Bear Island Reservoir
167201775,,Cummings Lake,gnis_inside,661080,Cummings Lake,Lake,Minnesota,1,2447.0,
167201773,Big Lake,Big Lake,shapefile,660795,Big Lake,Lake,Minnesota,1,282.5,
167201767,,Ima Lake,gnis_inside,656691,Ima Lake,Lake,Minnesota,4,694.7,Alworth Lake; Snatch Lake; Jordan Lake
167201765,,Gabimichigami Lake,gnis_inside,656348,Gabimichigami Lake,Lake,Minnesota,2,161.9,Agamok Lake
7173780,Hibbing Taconite Starter Dam Three,Hibbing Taconite Starter Dam Three,shapefile,1776953,Hibbing Taconite Tailings Basin,Reservoir,Minnesota,2,303.7,Hibbing Taconite Tailings Basin
7748124,Lake of the Woods,Lake of the Woods,shapefile,,,,,0,,
120052195,Lake of the Woods,Lake of the Woods,shapefile,1930543,Lake of the Woods,Lake,Minnesota,2,3825.3,Lake of the Woods
7101819,Lake Agnes,Lake Agnes,shapefile,660631,Lake Agnes,Lake,Minnesota,1,232.3,
120052862,,Kabetogama Lake,gnis_inside,661607,Kabetogama Lake,Lake,Minnesota,1,1039.6,
120052238,,Sand Point Lake,gnis_inside,662358,Sand Point Lake,Lake,Minnesota,4,1294.6,Crane Lake; Namakan Lake; Lost Lake
5277900,Rogers Lake,Rogers Lake,shapefile,1366830,Rogers Lake,Reservoir,Texas,1,1182.4,
120053340,Lake Tawakoni,Lake Tawakoni,shapefile,1376396,Lake Tawakoni,Reservoir,Texas,1,2646.7,
5292815,Lake Quitman,Lake Quitman,shapefile,1856111,Lake Quitman,Reservoir,Texas,1,791.7,
5292739,Case Lake,Case Lake,shapefile,1333625,Crane Lake,Lake,Texas,1,16269.1,
5278224,Martin Lake,Martin Lake,shapefile,1861243,Martin Lake,Reservoir,Texas,1,2077.4,
8327918,Vernon Lake,Vernon Lake,shapefile,556326,Vernon Lake,Reservoir,Louisiana,1,4766.9,
8327990,Anacoco Lake,Anacoco Lake,shapefile,553302,Anacoco Lake,Reservoir,Louisiana,1,463.9,
120052943,Toledo Bend Reservoir,Toledo Bend Reservoir,shapefile,558729,Toledo Bend Reservoir,Reservoir,Texas,42,6036.3,Vines Old River Lake; Cypress Pond; Saltworks Lake
5278062,Lake Cherokee,Lake Cherokee,shapefile,1373068,Lake Cherokee,Reservoir,Texas,1,3946.2,
5278562,Lake Murvaul,Lake Murvaul,shapefile,1375075,Lake Murvaul,Reservoir,Texas,1,210.5,
1149471,Lake Nacogdoches,Lake Nacogdoches,shapefile,,,,,0,,
4451216,Lake Palestine,Lake Palestine,shapefile,1343455,Lake Palestine,Reservoir,Texas,1,620.2,
1148575,Lake Striker,Lake Striker,shapefile,1376322,Lake Striker,Reservoir,Texas,1,150.8,
19919458,Ester Lake,Ester Lake,shapefile,,,,,0,,
1111211,B A Steinhagen Lake,B A Steinhagen Lake,shapefile,1382924,Water Hole,Lake,Texas,3,4849.0,Neyland Lake; B A Steinhagen Lake
1158651,Kurth Lake,Kurth Lake,shapefile,1377716,Lake Kurth,Reservoir,Texas,1,362.3,
1158647,Ester Lake,Ester Lake,shapefile,1382033,Horseshoe Lake,Lake,Texas,6,3341.3,Salt Lake; McGilberry Lake; Hill Lake
120053026,Corder Lake,Corder Lake,shapefile,1333348,Corder Lake,Lake,Texas,2,2376.5,Lake Ray Hubbard
1455553,Houston County Lake,Houston County Lake,shapefile,1377393,Houston County Lake,Lake,Texas,1,364.3,
120051933,Eagle Mountain Lake,Eagle Mountain Lake,shapefile,1373517,Eagle Mountain Lake,Reservoir,Texas,1,2884.9,
120051934,Grapevine Lake,Grapevine Lake,shapefile,1373894,Grapevine Lake,Reservoir,Texas,1,212.1,
1296744,New Terrell City Lake,New Terrell City Lake,shapefile,1342514,New Terrell City Lake,Reservoir,Texas,2,309.9,Soil Conservation Service Site 87a Reservoir
120051936,Cedar Creek Reservoir,Cedar Creek Reservoir,shapefile,1373019,Cedar Creek Reservoir,Reservoir,Texas,1,1817.5,
1492358,Woodlands Golf Course Lake,Woodlands Golf Course Lake,shapefile,1861778,Lake Livingston,Reservoir,Texas,1,4854.2,
1262105,Trinidad Lake,Trinidad Lake,shapefile,1348773,Trinidad Lake,Reservoir,Texas,1,264.6,
4132531,Navarro Mills Lake,Navarro Mills Lake,shapefile,1342381,Navarro Mills Lake,Reservoir,Texas,1,1508.9,
1267786,Lake Weatherford,Lake Weatherford,shapefile,1349574,Lake Weatherford,Reservoir,Texas,1,481.8,
1267968,Benbrook Lake,Benbrook Lake,shapefile,1330411,Benbrook Lake,Reservoir,Texas,1,915.6,
1445978,Bardwell Lake,Bardwell Lake,shapefile,1330037,Bardwell Lake,Reservoir,Texas,1,571.0,
120053021,Lake Lewisville,Lake Lewisville,shapefile,1385437,Lake Lewisville,Reservoir,Texas,1,8313.0,
1304891,Lake Bridgeport,Lake Bridgeport,shapefile,1383042,Lake Bridgeport,Reservoir,Texas,1,7117.7,
1514129,Lost Lake,Lost Lake,shapefile,1374742,Lost Lake,Lake,Texas,1,318.5,
1514219,Lake Anahuac,Lake Anahuac,shapefile,1372292,Lake Anahuac,Lake,Texas,1,621.3,
1514105,Lake Charlotte,Lake Charlotte,shapefile,1373063,Lake Charlotte,Lake,Texas,1,226.1,
1269548,Mountain Creek Lake,Mountain Creek Lake,shapefile,1342165,Mountain Creek Lake,Reservoir,Texas,1,339.5,
1267898,Lake Arlington,Lake Arlington,shapefile,1329681,Lake Arlington,Reservoir,Texas,1,433.6,
1514331,Cotton Lake,Cotton Lake,shapefile,1373224,Cotton Lake,Lake,Texas,1,428.1,
1454297,Fairfield Lake,Fairfield Lake,shapefile,1855602,Fairfield Lake,Reservoir,Texas,1,210.2,
1291638,Lavon Lake,Lavon Lake,shapefile,1339727,Lavon Lake,Reservoir,Texas,2,6611.5,McKinney Club Lake
1514367,Wet Marsh Pond,Wet Marsh Pond,shapefile,1373510,Dutton Lake,Lake,Texas,3,694.4,Red Lake; Wet Marsh Pond (historical)
1259469,White Rock Lake,White Rock Lake,shapefile,1349987,White Rock Lake,Lake,Texas,1,460.9,
1573030,Galveston County Industrial Water Reservoir,Galveston County Industrial Water Reservoir,shapefile,1336355,Galveston County Industrial Water Reservoir,Reservoir,Texas,1,273.6,
1523391,Robinson Lake,Robinson Lake,shapefile,1345338,Robinson Lake,Lake,Texas,1,100.2,
1478803,Clam Lake,Clam Lake,shapefile,1332874,Clam Lake,Lake,Texas,1,297.8,
120052636,Salt Lake,Salt Lake,shapefile,1346240,Salt Lake,Lake,Texas,1,195.7,
1477365,Sabine Lake,Sabine Lake,shapefile,555871,Sabine Lake,Lake,Texas,1,811.2,
120053035,Lake Houston,Lake Houston,shapefile,1374162,Lake Houston,Reservoir,Texas,1,6136.7,
1466524,Lewis Creek Reservoir,Lewis Creek Reservoir,shapefile,1361126,Lewis Creek Reservoir,Reservoir,Texas,1,269.7,
1475947,,,none,,,,,0,,
1523509,Lake Surprise,Lake Surprise,shapefile,1348107,Lake Surprise,Lake,Texas,1,136.0,
120053041,,,none,,,,,0,,
1573668,Oyster Lake,Oyster Lake,shapefile,1375322,Oyster Lake,Lake,Texas,1,150.1,
1573900,Salt Lake,Salt Lake,shapefile,1367439,Salt Lake,Lake,Texas,1,255.3,
1476649,Knight Lake,Knight Lake,shapefile,1339185,Knight Lake,Lake,Texas,1,84.1,
120052635,Johnson Lake,Johnson Lake,shapefile,1377850,Johnson Lake,Lake,Texas,3,716.3,Keith Lake; Shell Lake
120053033,Lake Conroe,Lake Conroe,shapefile,1380953,Lake Conroe,Reservoir,Texas,2,4030.0,Lake Lorraine
1562034,Clear Lake,Clear Lake,shapefile,1332944,Clear Lake,Lake,Texas,1,2382.1,
13499294,Salt Lake,Salt Lake,shapefile,894353,Salt Lake,Lake,New Mexico,1,507.1,
14024380,White River Reservoir,White River Reservoir,shapefile,1858472,White River Lake,Reservoir,Texas,1,277.7,
5513974,Tradinghouse Creek Reservoir,Tradinghouse Creek Reservoir,shapefile,1862335,Soil Conservation Service Site 29 Reservoir,Reservoir,Texas,2,1920.4,Tradinghouse Creek Reservoir
120053199,Lake Granbury,Lake Granbury,shapefile,1377202,Lake Granbury,Reservoir,Texas,1,4394.9,
120053204,,"Whitney, Lake",gnis_inside,1376774,Lake Whitney,Reservoir,Texas,1,10006.6,
5489185,Fort Phantom Hill Lake,Fort Phantom Hill Lake,shapefile,1336059,Lake Fort Phantom Hill,Reservoir,Texas,1,1327.6,
5511582,Safe Shutdown Impoundment,Safe Shutdown Impoundment,shapefile,1863319,Comanche Creek Reservoir,Reservoir,Texas,1,873.5,
120053367,,Hubbard Creek Reservoir,gnis_inside,1861424,Hubbard Creek Reservoir,Reservoir,Texas,1,5760.1,
5494328,Lake Graham,Lake Graham,shapefile,1335080,Lake Eddleman,Reservoir,Texas,1,1110.1,
5495308,Palo Pinto Creek Reservoir,Palo Pinto Creek Reservoir,shapefile,1377195,Palo Pinto Creek Reservoir,Reservoir,Texas,1,2314.6,
120053359,Possum Kingdom Lake,Possum Kingdom Lake,shapefile,1344386,Possum Kingdom Lake,Reservoir,Texas,1,6613.0,
5531262,Waco Lake,Waco Lake,shapefile,1376607,Waco Lake,Reservoir,Texas,1,407.7,
5525777,,,none,,,,,0,,
166414857,,Aquilla Lake,gnis_inside,1865531,Aquilla Lake,Reservoir,Texas,1,2071.4,
5511586,Lake Pat Cleburne,Lake Pat Cleburne,shapefile,1861336,Lake Pat Cleburne,Reservoir,Texas,1,695.9,
3123820,Smithers Lake,Smithers Lake,shapefile,1329140,Smithers Lake,Lake,Texas,1,711.8,
3123960,Harris Reservoir,Harris Reservoir,shapefile,1358855,Harris Reservoir,Reservoir,Texas,2,577.0,William Harris Reservoir
3764608,Brazoria Reservoir,Brazoria Reservoir,shapefile,1857686,Brazoria Reservoir,Reservoir,Texas,1,1080.8,
5575089,Lake Limestone,Lake Limestone,shapefile,1782062,Lake Limestone,Reservoir,Texas,2,5505.7,Clear Lake
5670421,Granger Lake,Granger Lake,shapefile,1865533,Granger Lake,Reservoir,Texas,1,1865.9,
120053201,Proctor Lake,Proctor Lake,shapefile,1344578,Proctor Lake,Reservoir,Texas,1,2842.9,
2571688,Belton Lake,Belton Lake,shapefile,1351861,Belton Lake,Reservoir,Texas,1,7315.3,
5569731,Somerville Lake,Somerville Lake,shapefile,1376179,Somerville Lake,Reservoir,Texas,1,2999.4,
120053388,Stillhouse Hollow Lake,Stillhouse Hollow Lake,shapefile,1384052,Stillhouse Hollow Lake,Reservoir,Texas,1,6138.6,
5632093,Lake J B Thomas,Lake J B Thomas,shapefile,,,,,0,,
5722027,E V Spence Reservoir,E V Spence Reservoir,shapefile,1844250,Lake E V Spence,Reservoir,Texas,1,6662.0,
3762790,Eagle Lake,Eagle Lake,shapefile,1334848,Eagle Lake,Reservoir,Texas,1,147.0,
5791260,Cedar Creek Reservoir,Cedar Creek Reservoir,shapefile,1377461,Lake Fayette,Reservoir,Texas,1,425.6,
5702167,Twin Buttes Reservoir,Twin Buttes Reservoir,shapefile,1370341,Twin Buttes Reservoir,Reservoir,Texas,1,3499.8,
1613786,Cowtrap Lake,Cowtrap Lake,shapefile,1355240,Cowtrap Lake,Lake,Texas,1,709.7,
5753298,Brady Reservoir,Brady Reservoir,shapefile,1350784,Brady Reservoir,Reservoir,Texas,1,1956.9,
5756886,Buchanan Lake,Buchanan Lake,shapefile,1377210,Lake Buchanan,Reservoir,Texas,1,3445.3,
5756952,Lake Lyndon B Johnson,Lake Lyndon B Johnson,shapefile,1374767,Lake Lyndon B Johnson,Reservoir,Texas,1,6094.9,
120053393,Lake Marble Falls,Lake Marble Falls,shapefile,1856382,Lake Travis,Reservoir,Texas,1,2734.2,
120053389,O C Fisher Lake,O C Fisher Lake,shapefile,1377209,O C Fisher Lake,Reservoir,Texas,1,1227.9,
1613898,Lake Austin,Lake Austin,shapefile,1351348,Lake Austin,Lake,Texas,1,405.8,
5734861,Brownwood Lake,Brownwood Lake,shapefile,1331387,Lake Brownwood,Reservoir,Texas,1,1320.7,
3588682,Canyon Lake,Canyon Lake,shapefile,,,,,0,,
7842395,Swan Lake,Swan Lake,shapefile,1369444,Swan Lake,Lake,Texas,1,470.2,
120052007,Green Lake,Green Lake,shapefile,1373910,Green Lake,Lake,Texas,1,424.5,
7842267,Redfish Lake,Redfish Lake,shapefile,1366277,Redfish Lake,Lake,Texas,1,142.2,
5289007,Willow Lake,Willow Lake,shapefile,1350196,Willow Lake,Lake,Texas,1,132.6,
10834778,Medina Lake,Medina Lake,shapefile,1341324,Medina Lake,Reservoir,Texas,1,4003.1,
10840320,Calaveras Lake,Calaveras Lake,shapefile,1353532,Calaveras Lake,Reservoir,Texas,1,2751.2,
9355032,Oyster Lake,Oyster Lake,shapefile,1375321,Oyster Lake,Lake,Texas,1,426.0,
120053049,Powderhorn Lake,Powderhorn Lake,shapefile,1375553,Powderhorn Lake,Lake,Texas,1,433.3,
202621,,,none,,,,,0,,
201345,Sal del Ray,Sal del Ray,shapefile,1346139,Sal del Ray,Lake,Texas,1,194.9,
205377,Reservoir Number One,Reservoir Number One,shapefile,1862217,Reservoir Number One,Reservoir,Texas,1,179.9,
3169144,Lake Corpus Christi,Lake Corpus Christi,shapefile,1333388,Lake Corpus Christi,Reservoir,Texas,1,1284.2,
120052363,Horseshoe Tank,Horseshoe Tank,shapefile,2805147,Choke Canyon Reservoir,Reservoir,Texas,3,5680.8,Horseshoe Tank; Yarbrough Lake (historical)
204341,Unit Number Two,Unit Number Two,shapefile,1861714,Reservoir Unit Number Two,Reservoir,Texas,2,161.5,Delta Lake
207611,Main Reservoir,Main Reservoir,shapefile,1862249,Resaca de La Palma Reservoir,Reservoir,Texas,2,129.2,Main Reservoir
204781,Laguna Atascosa,Laguna Atascosa,shapefile,1339458,Laguna Atascosa,Lake,Texas,1,398.1,
1698316,Umbazooksus Lake,Umbazooksus Lake,shapefile,577526,Umbazooksus Lake,Reservoir,Maine,1,236.0,
